<stix:STIX_Package 
	xmlns:AddressObj="http://cybox.mitre.org/objects#AddressObject-2"
	xmlns:CustomObj="http://cybox.mitre.org/objects#CustomObject-1"
	xmlns:DNSRecordObj="http://cybox.mitre.org/objects#DNSRecordObject-2"
	xmlns:FileObj="http://cybox.mitre.org/objects#FileObject-2"
	xmlns:HostnameObj="http://cybox.mitre.org/objects#HostnameObject-1"
	xmlns:MutexObj="http://cybox.mitre.org/objects#MutexObject-2"
	xmlns:NetworkConnectionObj="http://cybox.mitre.org/objects#NetworkConnectionObject-2"
	xmlns:PortObj="http://cybox.mitre.org/objects#PortObject-2"
	xmlns:ProcessObj="http://cybox.mitre.org/objects#ProcessObject-2"
	xmlns:SocketAddressObj="http://cybox.mitre.org/objects#SocketAddressObject-1"
	xmlns:URIObj="http://cybox.mitre.org/objects#URIObject-2"
	xmlns:VMRayAnalyzer="http://vmray.com/analyzer"
	xmlns:WinProcessObj="http://cybox.mitre.org/objects#WinProcessObject-2"
	xmlns:WinRegistryKeyObj="http://cybox.mitre.org/objects#WinRegistryKeyObject-2"
	xmlns:WinServiceObj="http://cybox.mitre.org/objects#WinServiceObject-2"
	xmlns:cybox="http://cybox.mitre.org/cybox-2"
	xmlns:cyboxCommon="http://cybox.mitre.org/common-2"
	xmlns:cyboxVocabs="http://cybox.mitre.org/default_vocabularies-2"
	xmlns:indicator="http://stix.mitre.org/Indicator-2"
	xmlns:stix="http://stix.mitre.org/stix-1"
	xmlns:stixCommon="http://stix.mitre.org/common-1"
	xmlns:stixVocabs="http://stix.mitre.org/default_vocabularies-1"
	xmlns:ttp="http://stix.mitre.org/TTP-1"
	xmlns:xsi="http://www.w3.org/2001/XMLSchema-instance"
	xsi:schemaLocation="
	http://cybox.mitre.org/common-2 http://cybox.mitre.org/XMLSchema/common/2.1/cybox_common.xsd
	http://cybox.mitre.org/cybox-2 http://cybox.mitre.org/XMLSchema/core/2.1/cybox_core.xsd
	http://cybox.mitre.org/default_vocabularies-2 http://cybox.mitre.org/XMLSchema/default_vocabularies/2.1/cybox_default_vocabularies.xsd
	http://cybox.mitre.org/objects#AddressObject-2 http://cybox.mitre.org/XMLSchema/objects/Address/2.1/Address_Object.xsd
	http://cybox.mitre.org/objects#CustomObject-1 http://cybox.mitre.org/XMLSchema/objects/Custom/1.1/Custom_Object.xsd
	http://cybox.mitre.org/objects#DNSRecordObject-2 http://cybox.mitre.org/XMLSchema/objects/DNS_Record/2.1/DNS_Record_Object.xsd
	http://cybox.mitre.org/objects#FileObject-2 http://cybox.mitre.org/XMLSchema/objects/File/2.1/File_Object.xsd
	http://cybox.mitre.org/objects#HostnameObject-1 http://cybox.mitre.org/XMLSchema/objects/Hostname/1.0/Hostname_Object.xsd
	http://cybox.mitre.org/objects#MutexObject-2 http://cybox.mitre.org/XMLSchema/objects/Mutex/2.1/Mutex_Object.xsd
	http://cybox.mitre.org/objects#NetworkConnectionObject-2 http://cybox.mitre.org/XMLSchema/objects/Network_Connection/2.1/Network_Connection_Object.xsd
	http://cybox.mitre.org/objects#PortObject-2 http://cybox.mitre.org/XMLSchema/objects/Port/2.1/Port_Object.xsd
	http://cybox.mitre.org/objects#ProcessObject-2 http://cybox.mitre.org/XMLSchema/objects/Process/2.1/Process_Object.xsd
	http://cybox.mitre.org/objects#SocketAddressObject-1 http://cybox.mitre.org/XMLSchema/objects/Socket_Address/1.1/Socket_Address_Object.xsd
	http://cybox.mitre.org/objects#URIObject-2 http://cybox.mitre.org/XMLSchema/objects/URI/2.1/URI_Object.xsd
	http://cybox.mitre.org/objects#WinProcessObject-2 http://cybox.mitre.org/XMLSchema/objects/Win_Process/2.1/Win_Process_Object.xsd
	http://cybox.mitre.org/objects#WinRegistryKeyObject-2 http://cybox.mitre.org/XMLSchema/objects/Win_Registry_Key/2.1/Win_Registry_Key_Object.xsd
	http://cybox.mitre.org/objects#WinServiceObject-2 http://cybox.mitre.org/XMLSchema/objects/Win_Service/2.1/Win_Service_Object.xsd
	http://stix.mitre.org/Indicator-2 http://stix.mitre.org/XMLSchema/indicator/2.2/indicator.xsd
	http://stix.mitre.org/TTP-1 http://stix.mitre.org/XMLSchema/ttp/1.2/ttp.xsd
	http://stix.mitre.org/common-1 http://stix.mitre.org/XMLSchema/common/1.2/stix_common.xsd
	http://stix.mitre.org/default_vocabularies-1 http://stix.mitre.org/XMLSchema/default_vocabularies/1.2.0/stix_default_vocabularies.xsd
	http://stix.mitre.org/stix-1 http://stix.mitre.org/XMLSchema/core/1.2/stix_core.xsd" id="VMRayAnalyzer:Package-9395360a-80ec-45b2-abf8-5a9bfc6c5ca3" version="1.2">
    <stix:STIX_Header>
        <stix:Title>VMRay Analyzer Report for Sample #47661</stix:Title>
        <stix:Information_Source>
            <stixCommon:Tools>
                <cyboxCommon:Tool>
                    <cyboxCommon:Name>VMRay Analyzer</cyboxCommon:Name>
                    <cyboxCommon:Version>2.3.0</cyboxCommon:Version>
                </cyboxCommon:Tool>
            </stixCommon:Tools>
        </stix:Information_Source>
    </stix:STIX_Header>
    <stix:Observables cybox_major_version="2" cybox_minor_version="1" cybox_update_version="0">
        <cybox:Observable id="VMRayAnalyzer:Observable-7c5d4b7b-039a-434a-8cf1-954c9c5e32a8">
            <cybox:Title>URI</cybox:Title>
            <cybox:Object id="VMRayAnalyzer:URI-6ae418f0-3b96-4e63-a8ee-aa8f3a5cdebc">
                <cybox:Properties xsi:type="URIObj:URIObjectType" type="Domain Name">
                    <URIObj:Value>www.wkc.co.id</URIObj:Value>
                </cybox:Properties>
                <cybox:Related_Objects>
                    <cybox:Related_Object idref="VMRayAnalyzer:Address-6c45688f-15cc-4003-8d91-0957a6fbbe2b">
                        <cybox:Relationship xsi:type="cyboxVocabs:ObjectRelationshipVocab-1.1">Resolved_To</cybox:Relationship>
                    </cybox:Related_Object>
                </cybox:Related_Objects>
            </cybox:Object>
        </cybox:Observable>
        <cybox:Observable id="VMRayAnalyzer:Observable-0acd7198-219c-4375-b557-121ac8e0682a">
            <cybox:Title>Address</cybox:Title>
            <cybox:Object id="VMRayAnalyzer:Address-6c45688f-15cc-4003-8d91-0957a6fbbe2b">
                <cybox:Properties xsi:type="AddressObj:AddressObjectType" category="ipv4-addr">
                    <AddressObj:Address_Value>156.67.210.210</AddressObj:Address_Value>
                </cybox:Properties>
            </cybox:Object>
        </cybox:Observable>
        <cybox:Observable id="VMRayAnalyzer:Observable-5204bb3c-fcaf-415f-819f-c30516db417e">
            <cybox:Title>URI</cybox:Title>
            <cybox:Object id="VMRayAnalyzer:URI-b020d618-fe4d-4ef7-891d-8e66c75dfd5c">
                <cybox:Properties xsi:type="URIObj:URIObjectType" type="Domain Name">
                    <URIObj:Value>www.fuente-ovejuna.cz</URIObj:Value>
                </cybox:Properties>
                <cybox:Related_Objects>
                    <cybox:Related_Object idref="VMRayAnalyzer:Address-e7ce1ba1-6492-4c43-bd30-718a72428e0b">
                        <cybox:Relationship xsi:type="cyboxVocabs:ObjectRelationshipVocab-1.1">Resolved_To</cybox:Relationship>
                    </cybox:Related_Object>
                </cybox:Related_Objects>
            </cybox:Object>
        </cybox:Observable>
        <cybox:Observable id="VMRayAnalyzer:Observable-a4ef8c1b-4cfd-4a5c-8b7a-58dfee74f6de">
            <cybox:Title>Address</cybox:Title>
            <cybox:Object id="VMRayAnalyzer:Address-e7ce1ba1-6492-4c43-bd30-718a72428e0b">
                <cybox:Properties xsi:type="AddressObj:AddressObjectType" category="ipv4-addr">
                    <AddressObj:Address_Value>46.28.105.149</AddressObj:Address_Value>
                </cybox:Properties>
            </cybox:Object>
        </cybox:Observable>
        <cybox:Observable id="VMRayAnalyzer:Observable-04babcc9-71d8-456e-a585-4290467f48a4">
            <cybox:Title>Process</cybox:Title>
            <cybox:Object id="VMRayAnalyzer:Process-f45a0295-c6eb-4b0d-b3f4-429f8130c109">
                <cybox:Properties xsi:type="ProcessObj:ProcessObjectType">
                    <cyboxCommon:Custom_Properties>
                        <cyboxCommon:Property name="monitored_id">1</cyboxCommon:Property>
                    </cyboxCommon:Custom_Properties>
                    <ProcessObj:PID>3692</ProcessObj:PID>
                    <ProcessObj:Name>cscript.exe</ProcessObj:Name>
                    <ProcessObj:Parent_PID>1500</ProcessObj:Parent_PID>
                    <ProcessObj:Image_Info>
                        <ProcessObj:File_Name>cscript.exe</ProcessObj:File_Name>
                        <ProcessObj:Command_Line>"C:\Windows\System32\CScript.exe"  "C:\Users\CIIHMN~1\Desktop\PAQUET~1.JS" </ProcessObj:Command_Line>
                        <ProcessObj:Current_Directory>C:\Windows\system32\</ProcessObj:Current_Directory>
                        <ProcessObj:Path>c:\windows\system32\cscript.exe</ProcessObj:Path>
                    </ProcessObj:Image_Info>
                </cybox:Properties>
                <cybox:Related_Objects>
                    <cybox:Related_Object idref="VMRayAnalyzer:Process-5fbf7ce4-69f0-4662-bc5e-65626cc7f47a">
                        <cybox:Relationship xsi:type="cyboxVocabs:ObjectRelationshipVocab-1.1">Child_Of</cybox:Relationship>
                    </cybox:Related_Object>
                    <cybox:Related_Object idref="VMRayAnalyzer:Process-f45a0295-c6eb-4b0d-b3f4-429f8130c109">
                        <cybox:Relationship xsi:type="cyboxVocabs:ObjectRelationshipVocab-1.1">Created</cybox:Relationship>
                    </cybox:Related_Object>
                    <cybox:Related_Object idref="VMRayAnalyzer:File-11c593f0-c2eb-4ce7-8375-5e6986be9634">
                        <cybox:Relationship xsi:type="cyboxVocabs:ObjectRelationshipVocab-1.1">Opened</cybox:Relationship>
                    </cybox:Related_Object>
                    <cybox:Related_Object idref="VMRayAnalyzer:File-e0fadd47-bdea-4294-b69c-da4b0de43b10">
                        <cybox:Relationship xsi:type="cyboxVocabs:ObjectRelationshipVocab-1.1">Wrote_To</cybox:Relationship>
                    </cybox:Related_Object>
                    <cybox:Related_Object idref="VMRayAnalyzer:File-d8f8deac-ddd1-4f33-bca4-e6e2a34c631a">
                        <cybox:Relationship xsi:type="cyboxVocabs:ObjectRelationshipVocab-1.1">Created</cybox:Relationship>
                    </cybox:Related_Object>
                    <cybox:Related_Object idref="VMRayAnalyzer:WinRegistryKey-88bd93b7-e38d-4cef-ae0c-a862ce7ca9db">
                        <cybox:Relationship xsi:type="cyboxVocabs:ObjectRelationshipVocab-1.1">Opened</cybox:Relationship>
                    </cybox:Related_Object>
                    <cybox:Related_Object idref="VMRayAnalyzer:WinRegistryKey-69ad081d-f1f5-4d7e-a19b-9b9a7e97da9a">
                        <cybox:Relationship xsi:type="cyboxVocabs:ObjectRelationshipVocab-1.1">Opened</cybox:Relationship>
                    </cybox:Related_Object>
                    <cybox:Related_Object idref="VMRayAnalyzer:WinRegistryKey-cf579081-1ee4-409e-90f6-4aa7e45e3f76">
                        <cybox:Relationship xsi:type="cyboxVocabs:ObjectRelationshipVocab-1.1">Opened</cybox:Relationship>
                    </cybox:Related_Object>
                    <cybox:Related_Object idref="VMRayAnalyzer:WinRegistryKey-a99f1a52-6dac-47b3-a0de-94b3a42d66ee">
                        <cybox:Relationship xsi:type="cyboxVocabs:ObjectRelationshipVocab-1.1">Opened</cybox:Relationship>
                    </cybox:Related_Object>
                    <cybox:Related_Object idref="VMRayAnalyzer:WinRegistryKey-00d58708-76c7-41d9-bb2c-c85beb0d2475">
                        <cybox:Relationship xsi:type="cyboxVocabs:ObjectRelationshipVocab-1.1">Opened</cybox:Relationship>
                    </cybox:Related_Object>
                    <cybox:Related_Object idref="VMRayAnalyzer:WinRegistryKey-06a93e8b-51a6-4cfe-adfd-50053ca9330e">
                        <cybox:Relationship xsi:type="cyboxVocabs:ObjectRelationshipVocab-1.1">Opened</cybox:Relationship>
                    </cybox:Related_Object>
                    <cybox:Related_Object idref="VMRayAnalyzer:WinRegistryKey-76da2777-f2cb-4147-9aa2-a56195daf42d">
                        <cybox:Relationship xsi:type="cyboxVocabs:ObjectRelationshipVocab-1.1">Opened</cybox:Relationship>
                    </cybox:Related_Object>
                    <cybox:Related_Object idref="VMRayAnalyzer:WinRegistryKey-d3ea2b6f-3eef-4e01-a8da-37f5b3e677ad">
                        <cybox:Relationship xsi:type="cyboxVocabs:ObjectRelationshipVocab-1.1">Opened</cybox:Relationship>
                    </cybox:Related_Object>
                    <cybox:Related_Object idref="VMRayAnalyzer:WinRegistryKey-733ae445-8f88-4646-9e81-5cee89d58991">
                        <cybox:Relationship xsi:type="cyboxVocabs:ObjectRelationshipVocab-1.1">Opened</cybox:Relationship>
                    </cybox:Related_Object>
                    <cybox:Related_Object idref="VMRayAnalyzer:WinRegistryKey-8c5c4379-7934-4a49-9d31-34dc3ff9e86c">
                        <cybox:Relationship xsi:type="cyboxVocabs:ObjectRelationshipVocab-1.1">Opened</cybox:Relationship>
                    </cybox:Related_Object>
                    <cybox:Related_Object idref="VMRayAnalyzer:NetworkConnection-6c8b67f4-97c2-4028-8476-6e58b5deb3d3">
                        <cybox:Relationship xsi:type="cyboxVocabs:ObjectRelationshipVocab-1.1">Connected_To</cybox:Relationship>
                    </cybox:Related_Object>
                    <cybox:Related_Object idref="VMRayAnalyzer:URI-9f5719c0-3b3f-45b6-944f-5a1ec161eeee">
                        <cybox:Relationship xsi:type="cyboxVocabs:ObjectRelationshipVocab-1.1">Connected_To</cybox:Relationship>
                    </cybox:Related_Object>
                </cybox:Related_Objects>
            </cybox:Object>
        </cybox:Observable>
        <cybox:Observable id="VMRayAnalyzer:Observable-8c78a8a2-7cbe-4c03-a45c-ad9943b79b44">
            <cybox:Title>Process</cybox:Title>
            <cybox:Object id="VMRayAnalyzer:Process-5fbf7ce4-69f0-4662-bc5e-65626cc7f47a">
                <cybox:Properties xsi:type="ProcessObj:ProcessObjectType">
                    <cyboxCommon:Custom_Properties>
                        <cyboxCommon:Property name="monitored_id">3</cyboxCommon:Property>
                    </cyboxCommon:Custom_Properties>
                    <ProcessObj:PID>3280</ProcessObj:PID>
                    <ProcessObj:Name>86976.exe</ProcessObj:Name>
                    <ProcessObj:Parent_PID>3692</ProcessObj:Parent_PID>
                    <ProcessObj:Image_Info>
                        <ProcessObj:File_Name>86976.exe</ProcessObj:File_Name>
                        <ProcessObj:Command_Line>C:\Users\CIiHmnxMn6Ps\AppData\Local\nzpnpqiti\86976.exe</ProcessObj:Command_Line>
                        <ProcessObj:Current_Directory>C:\Windows\system32\</ProcessObj:Current_Directory>
                        <ProcessObj:Path>c:\users\ciihmnxmn6ps\appdata\local\nzpnpqiti\86976.exe</ProcessObj:Path>
                    </ProcessObj:Image_Info>
                </cybox:Properties>
                <cybox:Related_Objects>
                    <cybox:Related_Object idref="VMRayAnalyzer:Process-6bcbadba-242c-4a80-8a15-8ce9df1948ca">
                        <cybox:Relationship xsi:type="cyboxVocabs:ObjectRelationshipVocab-1.1">Child_Of</cybox:Relationship>
                    </cybox:Related_Object>
                    <cybox:Related_Object idref="VMRayAnalyzer:File-44ac749a-9b1f-402b-9b77-c78b2d284b7f">
                        <cybox:Relationship xsi:type="cyboxVocabs:ObjectRelationshipVocab-1.1">Read_From</cybox:Relationship>
                    </cybox:Related_Object>
                    <cybox:Related_Object idref="VMRayAnalyzer:File-f5506c3f-9d02-43c7-a12b-253107064e6e">
                        <cybox:Relationship xsi:type="cyboxVocabs:ObjectRelationshipVocab-1.1">Wrote_To</cybox:Relationship>
                    </cybox:Related_Object>
                    <cybox:Related_Object idref="VMRayAnalyzer:File-46bb1fda-623d-4356-bf72-317de9065ee4">
                        <cybox:Relationship xsi:type="cyboxVocabs:ObjectRelationshipVocab-1.1">Created</cybox:Relationship>
                    </cybox:Related_Object>
                    <cybox:Related_Object idref="VMRayAnalyzer:File-7e9f6ef7-4c58-41d0-8912-5dcb9573cd45">
                        <cybox:Relationship xsi:type="cyboxVocabs:ObjectRelationshipVocab-1.1">Created</cybox:Relationship>
                    </cybox:Related_Object>
                    <cybox:Related_Object idref="VMRayAnalyzer:File-e0638b82-9fce-41ac-ae58-f600d1a76fb8">
                        <cybox:Relationship xsi:type="cyboxVocabs:ObjectRelationshipVocab-1.1">Created</cybox:Relationship>
                    </cybox:Related_Object>
                    <cybox:Related_Object idref="VMRayAnalyzer:File-9b35fbcd-c8d6-437e-83b4-097dac2f0e2b">
                        <cybox:Relationship xsi:type="cyboxVocabs:ObjectRelationshipVocab-1.1">Created</cybox:Relationship>
                    </cybox:Related_Object>
                    <cybox:Related_Object idref="VMRayAnalyzer:File-caf7b579-dbaf-47d3-80e7-e62a79d02a9f">
                        <cybox:Relationship xsi:type="cyboxVocabs:ObjectRelationshipVocab-1.1">Created</cybox:Relationship>
                    </cybox:Related_Object>
                    <cybox:Related_Object idref="VMRayAnalyzer:Mutex-d57f9b20-31b4-4308-96da-652051106f6f">
                        <cybox:Relationship xsi:type="cyboxVocabs:ObjectRelationshipVocab-1.1">Opened</cybox:Relationship>
                    </cybox:Related_Object>
                    <cybox:Related_Object idref="VMRayAnalyzer:Mutex-7cccdc17-d710-4b25-9691-cab1ba804b11">
                        <cybox:Relationship xsi:type="cyboxVocabs:ObjectRelationshipVocab-1.1">Created</cybox:Relationship>
                    </cybox:Related_Object>
                    <cybox:Related_Object idref="VMRayAnalyzer:WinRegistryKey-eea15b54-5bd8-4bbd-b41b-7be790741a37">
                        <cybox:Relationship xsi:type="cyboxVocabs:ObjectRelationshipVocab-1.1">Opened</cybox:Relationship>
                    </cybox:Related_Object>
                    <cybox:Related_Object idref="VMRayAnalyzer:WinRegistryKey-311a7603-873f-4d1e-8a25-1fa9eff92e03">
                        <cybox:Relationship xsi:type="cyboxVocabs:ObjectRelationshipVocab-1.1">Opened</cybox:Relationship>
                    </cybox:Related_Object>
                    <cybox:Related_Object idref="VMRayAnalyzer:WinRegistryKey-62220f80-cd7e-40a2-a44b-e3e6be45c28a">
                        <cybox:Relationship xsi:type="cyboxVocabs:ObjectRelationshipVocab-1.1">Opened</cybox:Relationship>
                    </cybox:Related_Object>
                    <cybox:Related_Object idref="VMRayAnalyzer:WinRegistryKey-91705baf-efa5-4547-ae9a-f94642d75f5d">
                        <cybox:Relationship xsi:type="cyboxVocabs:ObjectRelationshipVocab-1.1">Modified_Properties_Of</cybox:Relationship>
                    </cybox:Related_Object>
                    <cybox:Related_Object idref="VMRayAnalyzer:WinRegistryKey-814ebddf-926a-4aba-aeb7-259b848240df">
                        <cybox:Relationship xsi:type="cyboxVocabs:ObjectRelationshipVocab-1.1">Created</cybox:Relationship>
                    </cybox:Related_Object>
                    <cybox:Related_Object idref="VMRayAnalyzer:WinRegistryKey-a93bec86-f04b-43bb-a4fd-3b04a00710a1">
                        <cybox:Relationship xsi:type="cyboxVocabs:ObjectRelationshipVocab-1.1">Opened</cybox:Relationship>
                    </cybox:Related_Object>
                    <cybox:Related_Object idref="VMRayAnalyzer:WinRegistryKey-1001437b-b8af-4586-b1a8-697715b6488a">
                        <cybox:Relationship xsi:type="cyboxVocabs:ObjectRelationshipVocab-1.1">Opened</cybox:Relationship>
                    </cybox:Related_Object>
                    <cybox:Related_Object idref="VMRayAnalyzer:WinRegistryKey-e59147c2-bb54-47d8-b6db-f7511d0c899e">
                        <cybox:Relationship xsi:type="cyboxVocabs:ObjectRelationshipVocab-1.1">Opened</cybox:Relationship>
                    </cybox:Related_Object>
                    <cybox:Related_Object idref="VMRayAnalyzer:WinRegistryKey-10e455b9-4088-4b60-bc25-68525ef1264f">
                        <cybox:Relationship xsi:type="cyboxVocabs:ObjectRelationshipVocab-1.1">Opened</cybox:Relationship>
                    </cybox:Related_Object>
                    <cybox:Related_Object idref="VMRayAnalyzer:WinRegistryKey-39af19f0-f7ca-4ad1-a4f7-8847901a7f90">
                        <cybox:Relationship xsi:type="cyboxVocabs:ObjectRelationshipVocab-1.1">Opened</cybox:Relationship>
                    </cybox:Related_Object>
                    <cybox:Related_Object idref="VMRayAnalyzer:WinRegistryKey-911fca54-3df7-4129-b319-b49d0fe623ae">
                        <cybox:Relationship xsi:type="cyboxVocabs:ObjectRelationshipVocab-1.1">Opened</cybox:Relationship>
                    </cybox:Related_Object>
                    <cybox:Related_Object idref="VMRayAnalyzer:DNSRecord-8a59331c-025f-4b99-b1e2-d137f5d02731">
                        <cybox:Relationship xsi:type="cyboxVocabs:ObjectRelationshipVocab-1.1">Read_From</cybox:Relationship>
                    </cybox:Related_Object>
                    <cybox:Related_Object idref="VMRayAnalyzer:NetworkConnection-ce0ba996-c6e4-454e-81e5-f76015bbf13a">
                        <cybox:Relationship xsi:type="cyboxVocabs:ObjectRelationshipVocab-1.1">Connected_To</cybox:Relationship>
                    </cybox:Related_Object>
                    <cybox:Related_Object idref="VMRayAnalyzer:URI-ae07f1de-a8c7-4a3b-b340-cd3a5af5e266">
                        <cybox:Relationship xsi:type="cyboxVocabs:ObjectRelationshipVocab-1.1">Connected_To</cybox:Relationship>
                    </cybox:Related_Object>
                </cybox:Related_Objects>
            </cybox:Object>
        </cybox:Observable>
        <cybox:Observable id="VMRayAnalyzer:Observable-76d65cea-78db-481c-829c-1ba71b008e4b">
            <cybox:Title>Process</cybox:Title>
            <cybox:Object id="VMRayAnalyzer:Process-6bcbadba-242c-4a80-8a15-8ce9df1948ca">
                <cybox:Properties xsi:type="ProcessObj:ProcessObjectType">
                    <cyboxCommon:Custom_Properties>
                        <cyboxCommon:Property name="monitored_id">4</cyboxCommon:Property>
                    </cyboxCommon:Custom_Properties>
                    <ProcessObj:PID>888</ProcessObj:PID>
                    <ProcessObj:Name>svchost.exe</ProcessObj:Name>
                    <ProcessObj:Parent_PID>484</ProcessObj:Parent_PID>
                    <ProcessObj:Image_Info>
                        <ProcessObj:File_Name>svchost.exe</ProcessObj:File_Name>
                        <ProcessObj:Command_Line>C:\Windows\system32\svchost.exe -k netsvcs</ProcessObj:Command_Line>
                        <ProcessObj:Current_Directory>C:\Windows\system32\</ProcessObj:Current_Directory>
                        <ProcessObj:Path>c:\windows\system32\svchost.exe</ProcessObj:Path>
                    </ProcessObj:Image_Info>
                </cybox:Properties>
                <cybox:Related_Objects>
                    <cybox:Related_Object idref="VMRayAnalyzer:Process-e9c4d1de-d6d5-401a-b2f4-12dd00545887">
                        <cybox:Relationship xsi:type="cyboxVocabs:ObjectRelationshipVocab-1.1">Child_Of</cybox:Relationship>
                    </cybox:Related_Object>
                </cybox:Related_Objects>
            </cybox:Object>
        </cybox:Observable>
        <cybox:Observable id="VMRayAnalyzer:Observable-2e7820ed-64ac-4fe3-b6c8-38616cfb3a86">
            <cybox:Title>Process</cybox:Title>
            <cybox:Object id="VMRayAnalyzer:Process-e9c4d1de-d6d5-401a-b2f4-12dd00545887">
                <cybox:Properties xsi:type="ProcessObj:ProcessObjectType">
                    <cyboxCommon:Custom_Properties>
                        <cyboxCommon:Property name="monitored_id">5</cyboxCommon:Property>
                    </cyboxCommon:Custom_Properties>
                    <ProcessObj:PID>3320</ProcessObj:PID>
                    <ProcessObj:Name>sc.exe</ProcessObj:Name>
                    <ProcessObj:Parent_PID>888</ProcessObj:Parent_PID>
                    <ProcessObj:Image_Info>
                        <ProcessObj:File_Name>sc.exe</ProcessObj:File_Name>
                        <ProcessObj:Command_Line>C:\Windows\system32\sc.exe start wuauserv</ProcessObj:Command_Line>
                        <ProcessObj:Current_Directory>C:\Windows\system32\</ProcessObj:Current_Directory>
                        <ProcessObj:Path>c:\windows\system32\sc.exe</ProcessObj:Path>
                    </ProcessObj:Image_Info>
                </cybox:Properties>
                <cybox:Related_Objects>
                    <cybox:Related_Object idref="VMRayAnalyzer:Process-63ef7fff-e67c-48e4-9ec4-1cf53c6e9636">
                        <cybox:Relationship xsi:type="cyboxVocabs:ObjectRelationshipVocab-1.1">Child_Of</cybox:Relationship>
                    </cybox:Related_Object>
                    <cybox:Related_Object idref="VMRayAnalyzer:File-70f1e065-24e0-4e0f-ab11-6e4cbc1b3100">
                        <cybox:Relationship xsi:type="cyboxVocabs:ObjectRelationshipVocab-1.1">Opened</cybox:Relationship>
                    </cybox:Related_Object>
                    <cybox:Related_Object idref="VMRayAnalyzer:WinService-28662554-4b99-4d7b-87a8-bd6131e3b0e9">
                        <cybox:Relationship xsi:type="cyboxVocabs:ObjectRelationshipVocab-1.1">Resumed</cybox:Relationship>
                    </cybox:Related_Object>
                </cybox:Related_Objects>
            </cybox:Object>
        </cybox:Observable>
        <cybox:Observable id="VMRayAnalyzer:Observable-03df8d9f-1036-45fe-925c-d9b4e680461f">
            <cybox:Title>Process</cybox:Title>
            <cybox:Object id="VMRayAnalyzer:Process-63ef7fff-e67c-48e4-9ec4-1cf53c6e9636">
                <cybox:Properties xsi:type="ProcessObj:ProcessObjectType">
                    <cyboxCommon:Custom_Properties>
                        <cyboxCommon:Property name="monitored_id">8</cyboxCommon:Property>
                    </cyboxCommon:Custom_Properties>
                    <ProcessObj:PID>484</ProcessObj:PID>
                    <ProcessObj:Name>services.exe</ProcessObj:Name>
                    <ProcessObj:Parent_PID>404</ProcessObj:Parent_PID>
                    <ProcessObj:Image_Info>
                        <ProcessObj:File_Name>services.exe</ProcessObj:File_Name>
                        <ProcessObj:Command_Line>C:\Windows\system32\services.exe</ProcessObj:Command_Line>
                        <ProcessObj:Current_Directory>C:\Windows\system32\</ProcessObj:Current_Directory>
                        <ProcessObj:Path>c:\windows\system32\services.exe</ProcessObj:Path>
                    </ProcessObj:Image_Info>
                </cybox:Properties>
                <cybox:Related_Objects>
                    <cybox:Related_Object idref="VMRayAnalyzer:Process-b27669e7-a545-4a8c-943d-5499f66443c0">
                        <cybox:Relationship xsi:type="cyboxVocabs:ObjectRelationshipVocab-1.1">Child_Of</cybox:Relationship>
                    </cybox:Related_Object>
                </cybox:Related_Objects>
            </cybox:Object>
        </cybox:Observable>
        <cybox:Observable id="VMRayAnalyzer:Observable-8b003079-5e11-4d24-ac7e-68a39d136087">
            <cybox:Title>Process</cybox:Title>
            <cybox:Object id="VMRayAnalyzer:Process-b27669e7-a545-4a8c-943d-5499f66443c0">
                <cybox:Properties xsi:type="ProcessObj:ProcessObjectType">
                    <cyboxCommon:Custom_Properties>
                        <cyboxCommon:Property name="monitored_id">22</cyboxCommon:Property>
                    </cyboxCommon:Custom_Properties>
                    <ProcessObj:PID>1264</ProcessObj:PID>
                    <ProcessObj:Name>sppsvc.exe</ProcessObj:Name>
                    <ProcessObj:Parent_PID>484</ProcessObj:Parent_PID>
                    <ProcessObj:Image_Info>
                        <ProcessObj:File_Name>sppsvc.exe</ProcessObj:File_Name>
                        <ProcessObj:Command_Line>C:\Windows\system32\sppsvc.exe</ProcessObj:Command_Line>
                        <ProcessObj:Current_Directory>C:\Windows</ProcessObj:Current_Directory>
                        <ProcessObj:Path>c:\windows\system32\sppsvc.exe</ProcessObj:Path>
                    </ProcessObj:Image_Info>
                </cybox:Properties>
            </cybox:Object>
        </cybox:Observable>
        <cybox:Observable id="VMRayAnalyzer:Observable-55c5f7bf-dd26-44fd-839d-96bcd0ee8e3b">
            <cybox:Title>File</cybox:Title>
            <cybox:Object id="VMRayAnalyzer:File-11c593f0-c2eb-4ce7-8375-5e6986be9634">
                <cybox:Properties xsi:type="FileObj:FileObjectType">
                    <FileObj:Full_Path>STD_OUTPUT_HANDLE</FileObj:Full_Path>
                </cybox:Properties>
            </cybox:Object>
        </cybox:Observable>
        <cybox:Observable id="VMRayAnalyzer:Observable-e7f26a5f-51e7-4f6f-b91f-3d4b3d462281">
            <cybox:Title>File</cybox:Title>
            <cybox:Object id="VMRayAnalyzer:File-e0fadd47-bdea-4294-b69c-da4b0de43b10">
                <cybox:Properties xsi:type="FileObj:FileObjectType">
                    <FileObj:File_Name>Users\CIiHmnxMn6Ps\AppData\Local\nzpnpqiti\86976.exe</FileObj:File_Name>
                    <FileObj:File_Path>Users\CIiHmnxMn6Ps\AppData\Local\nzpnpqiti\86976.exe</FileObj:File_Path>
                    <FileObj:Device_Path>C:\</FileObj:Device_Path>
                    <FileObj:Full_Path>C:\Users\CIiHmnxMn6Ps\AppData\Local\nzpnpqiti\86976.exe</FileObj:Full_Path>
                    <FileObj:File_Extension>exe</FileObj:File_Extension>
                    <FileObj:Hashes>
                        <cyboxCommon:Hash>
                            <cyboxCommon:Type>MD5</cyboxCommon:Type>
                            <cyboxCommon:Simple_Hash_Value>f612bccf909dbc5bbf1779d44a9ca045</cyboxCommon:Simple_Hash_Value>
                        </cyboxCommon:Hash>
                        <cyboxCommon:Hash>
                            <cyboxCommon:Type>SHA1</cyboxCommon:Type>
                            <cyboxCommon:Simple_Hash_Value>738f4a49580cf914a37bdd2ad5e264011d3ddd5f</cyboxCommon:Simple_Hash_Value>
                        </cyboxCommon:Hash>
                        <cyboxCommon:Hash>
                            <cyboxCommon:Type>SHA256</cyboxCommon:Type>
                            <cyboxCommon:Simple_Hash_Value>9407e4ce0df76e62f0ad9439f3a091909d6c540a83a19dfe6ee5e3990ad6bde9</cyboxCommon:Simple_Hash_Value>
                        </cyboxCommon:Hash>
                    </FileObj:Hashes>
                </cybox:Properties>
            </cybox:Object>
        </cybox:Observable>
        <cybox:Observable id="VMRayAnalyzer:Observable-6714e8fe-3b05-40bb-8bd6-c54c0ef69743">
            <cybox:Title>File</cybox:Title>
            <cybox:Object id="VMRayAnalyzer:File-d8f8deac-ddd1-4f33-bca4-e6e2a34c631a">
                <cybox:Properties xsi:type="FileObj:FileObjectType">
                    <FileObj:File_Name>users\ciihmn~1\desktop\paquet~1.js</FileObj:File_Name>
                    <FileObj:File_Path>users\ciihmn~1\desktop\paquet~1.js</FileObj:File_Path>
                    <FileObj:Device_Path>c:\</FileObj:Device_Path>
                    <FileObj:Full_Path>c:\users\ciihmn~1\desktop\paquet~1.js</FileObj:Full_Path>
                    <FileObj:File_Extension>js</FileObj:File_Extension>
                </cybox:Properties>
            </cybox:Object>
        </cybox:Observable>
        <cybox:Observable id="VMRayAnalyzer:Observable-2fe9067d-d210-45be-8fad-89467898bf28">
            <cybox:Title>WinRegistryKey</cybox:Title>
            <cybox:Object id="VMRayAnalyzer:WinRegistryKey-88bd93b7-e38d-4cef-ae0c-a862ce7ca9db">
                <cybox:Properties xsi:type="WinRegistryKeyObj:WindowsRegistryKeyObjectType">
                    <WinRegistryKeyObj:Key>Software\Microsoft\Windows Script Host\Settings</WinRegistryKeyObj:Key>
                    <WinRegistryKeyObj:Hive>HKEY_LOCAL_MACHINE</WinRegistryKeyObj:Hive>
                    <WinRegistryKeyObj:Values>
                        <WinRegistryKeyObj:Value>
                            <WinRegistryKeyObj:Name>Enabled</WinRegistryKeyObj:Name>
                        </WinRegistryKeyObj:Value>
                    </WinRegistryKeyObj:Values>
                </cybox:Properties>
            </cybox:Object>
        </cybox:Observable>
        <cybox:Observable id="VMRayAnalyzer:Observable-8ec04587-0e59-4be8-a53c-e9aa51a0b89f">
            <cybox:Title>WinRegistryKey</cybox:Title>
            <cybox:Object id="VMRayAnalyzer:WinRegistryKey-69ad081d-f1f5-4d7e-a19b-9b9a7e97da9a">
                <cybox:Properties xsi:type="WinRegistryKeyObj:WindowsRegistryKeyObjectType">
                    <WinRegistryKeyObj:Key>Software\Microsoft\Windows Script Host\Settings</WinRegistryKeyObj:Key>
                    <WinRegistryKeyObj:Hive>HKEY_LOCAL_MACHINE</WinRegistryKeyObj:Hive>
                    <WinRegistryKeyObj:Values>
                        <WinRegistryKeyObj:Value>
                            <WinRegistryKeyObj:Name>LogSecuritySuccesses</WinRegistryKeyObj:Name>
                        </WinRegistryKeyObj:Value>
                    </WinRegistryKeyObj:Values>
                </cybox:Properties>
            </cybox:Object>
        </cybox:Observable>
        <cybox:Observable id="VMRayAnalyzer:Observable-3af1d958-0a97-4cba-8402-fd161af7b0f3">
            <cybox:Title>WinRegistryKey</cybox:Title>
            <cybox:Object id="VMRayAnalyzer:WinRegistryKey-cf579081-1ee4-409e-90f6-4aa7e45e3f76">
                <cybox:Properties xsi:type="WinRegistryKeyObj:WindowsRegistryKeyObjectType">
                    <WinRegistryKeyObj:Key>Software\Microsoft\Windows Script Host\Settings</WinRegistryKeyObj:Key>
                    <WinRegistryKeyObj:Hive>HKEY_LOCAL_MACHINE</WinRegistryKeyObj:Hive>
                    <WinRegistryKeyObj:Values>
                        <WinRegistryKeyObj:Value>
                            <WinRegistryKeyObj:Name>IgnoreUserSettings</WinRegistryKeyObj:Name>
                        </WinRegistryKeyObj:Value>
                        <WinRegistryKeyObj:Value>
                            <WinRegistryKeyObj:Name>TrustPolicy</WinRegistryKeyObj:Name>
                        </WinRegistryKeyObj:Value>
                        <WinRegistryKeyObj:Value>
                            <WinRegistryKeyObj:Name>UseWINSAFER</WinRegistryKeyObj:Name>
                        </WinRegistryKeyObj:Value>
                    </WinRegistryKeyObj:Values>
                </cybox:Properties>
            </cybox:Object>
        </cybox:Observable>
        <cybox:Observable id="VMRayAnalyzer:Observable-1b1c8747-1913-4ac5-b813-aed1b8f0db0b">
            <cybox:Title>WinRegistryKey</cybox:Title>
            <cybox:Object id="VMRayAnalyzer:WinRegistryKey-a99f1a52-6dac-47b3-a0de-94b3a42d66ee">
                <cybox:Properties xsi:type="WinRegistryKeyObj:WindowsRegistryKeyObjectType">
                    <WinRegistryKeyObj:Key>Software\Microsoft\Windows Script Host\Settings</WinRegistryKeyObj:Key>
                    <WinRegistryKeyObj:Hive>HKEY_LOCAL_MACHINE</WinRegistryKeyObj:Hive>
                    <WinRegistryKeyObj:Values>
                        <WinRegistryKeyObj:Value>
                            <WinRegistryKeyObj:Name>Timeout</WinRegistryKeyObj:Name>
                        </WinRegistryKeyObj:Value>
                        <WinRegistryKeyObj:Value>
                            <WinRegistryKeyObj:Name>DisplayLogo</WinRegistryKeyObj:Name>
                        </WinRegistryKeyObj:Value>
                    </WinRegistryKeyObj:Values>
                </cybox:Properties>
            </cybox:Object>
        </cybox:Observable>
        <cybox:Observable id="VMRayAnalyzer:Observable-3c59e0b1-b89b-4f5f-a01d-032b92198de7">
            <cybox:Title>WinRegistryKey</cybox:Title>
            <cybox:Object id="VMRayAnalyzer:WinRegistryKey-00d58708-76c7-41d9-bb2c-c85beb0d2475">
                <cybox:Properties xsi:type="WinRegistryKeyObj:WindowsRegistryKeyObjectType">
                    <WinRegistryKeyObj:Key>Software\Microsoft\Windows Script Host\Settings</WinRegistryKeyObj:Key>
                    <WinRegistryKeyObj:Hive>HKEY_CURRENT_USER</WinRegistryKeyObj:Hive>
                    <WinRegistryKeyObj:Values>
                        <WinRegistryKeyObj:Value>
                            <WinRegistryKeyObj:Name>Timeout</WinRegistryKeyObj:Name>
                        </WinRegistryKeyObj:Value>
                        <WinRegistryKeyObj:Value>
                            <WinRegistryKeyObj:Name>DisplayLogo</WinRegistryKeyObj:Name>
                        </WinRegistryKeyObj:Value>
                    </WinRegistryKeyObj:Values>
                </cybox:Properties>
            </cybox:Object>
        </cybox:Observable>
        <cybox:Observable id="VMRayAnalyzer:Observable-74996be8-8a7c-489c-be8c-96bc9315da62">
            <cybox:Title>WinRegistryKey</cybox:Title>
            <cybox:Object id="VMRayAnalyzer:WinRegistryKey-06a93e8b-51a6-4cfe-adfd-50053ca9330e">
                <cybox:Properties xsi:type="WinRegistryKeyObj:WindowsRegistryKeyObjectType">
                    <WinRegistryKeyObj:Key>.JS</WinRegistryKeyObj:Key>
                    <WinRegistryKeyObj:Hive>HKEY_CLASSES_ROOT</WinRegistryKeyObj:Hive>
                </cybox:Properties>
            </cybox:Object>
        </cybox:Observable>
        <cybox:Observable id="VMRayAnalyzer:Observable-3a768bfa-27c6-4a3d-8946-6052fa48a2ba">
            <cybox:Title>WinRegistryKey</cybox:Title>
            <cybox:Object id="VMRayAnalyzer:WinRegistryKey-76da2777-f2cb-4147-9aa2-a56195daf42d">
                <cybox:Properties xsi:type="WinRegistryKeyObj:WindowsRegistryKeyObjectType">
                    <WinRegistryKeyObj:Key>JSFile\ScriptEngine</WinRegistryKeyObj:Key>
                    <WinRegistryKeyObj:Hive>HKEY_CLASSES_ROOT</WinRegistryKeyObj:Hive>
                </cybox:Properties>
            </cybox:Object>
        </cybox:Observable>
        <cybox:Observable id="VMRayAnalyzer:Observable-38c0a2c8-1627-4b49-9d89-ba7f06420a92">
            <cybox:Title>WinRegistryKey</cybox:Title>
            <cybox:Object id="VMRayAnalyzer:WinRegistryKey-d3ea2b6f-3eef-4e01-a8da-37f5b3e677ad">
                <cybox:Properties xsi:type="WinRegistryKeyObj:WindowsRegistryKeyObjectType">
                    <WinRegistryKeyObj:Key>Software\Microsoft\COM3</WinRegistryKeyObj:Key>
                    <WinRegistryKeyObj:Hive>HKEY_LOCAL_MACHINE</WinRegistryKeyObj:Hive>
                    <WinRegistryKeyObj:Values>
                        <WinRegistryKeyObj:Value>
                            <WinRegistryKeyObj:Name>COM+Enabled</WinRegistryKeyObj:Name>
                        </WinRegistryKeyObj:Value>
                    </WinRegistryKeyObj:Values>
                </cybox:Properties>
            </cybox:Object>
        </cybox:Observable>
        <cybox:Observable id="VMRayAnalyzer:Observable-c497be6d-937a-49ce-b53a-043f484cb184">
            <cybox:Title>WinRegistryKey</cybox:Title>
            <cybox:Object id="VMRayAnalyzer:WinRegistryKey-733ae445-8f88-4646-9e81-5cee89d58991">
                <cybox:Properties xsi:type="WinRegistryKeyObj:WindowsRegistryKeyObjectType">
                    <WinRegistryKeyObj:Key>Software\Microsoft\Windows Script Host\Settings</WinRegistryKeyObj:Key>
                    <WinRegistryKeyObj:Hive>HKEY_CURRENT_USER</WinRegistryKeyObj:Hive>
                </cybox:Properties>
            </cybox:Object>
        </cybox:Observable>
        <cybox:Observable id="VMRayAnalyzer:Observable-3e6083d0-c2a7-4089-9bb3-38f872af0783">
            <cybox:Title>WinRegistryKey</cybox:Title>
            <cybox:Object id="VMRayAnalyzer:WinRegistryKey-8c5c4379-7934-4a49-9d31-34dc3ff9e86c">
                <cybox:Properties xsi:type="WinRegistryKeyObj:WindowsRegistryKeyObjectType">
                    <WinRegistryKeyObj:Key>SOFTWARE\Microsoft\Windows Script\Features</WinRegistryKeyObj:Key>
                    <WinRegistryKeyObj:Hive>HKEY_LOCAL_MACHINE</WinRegistryKeyObj:Hive>
                </cybox:Properties>
            </cybox:Object>
        </cybox:Observable>
        <cybox:Observable id="VMRayAnalyzer:Observable-7d99e238-b9ec-4f21-bbf5-d332cf039190">
            <cybox:Title>SocketAddress</cybox:Title>
            <cybox:Object id="VMRayAnalyzer:SocketAddress-1a885d28-7533-400b-b230-ce413dc029f7">
                <cybox:Properties xsi:type="SocketAddressObj:SocketAddressObjectType">
                    <SocketAddressObj:Hostname xsi:type="HostnameObj:HostnameObjectType">
                        <HostnameObj:Hostname_Value>www.wkc.co.id</HostnameObj:Hostname_Value>
                    </SocketAddressObj:Hostname>
                    <SocketAddressObj:Port xsi:type="PortObj:PortObjectType">
                        <PortObj:Port_Value>443</PortObj:Port_Value>
                    </SocketAddressObj:Port>
                </cybox:Properties>
            </cybox:Object>
        </cybox:Observable>
        <cybox:Observable id="VMRayAnalyzer:Observable-03ce582e-c446-44c1-ba9f-67c2b50acc99">
            <cybox:Title>NetworkConnection</cybox:Title>
            <cybox:Object id="VMRayAnalyzer:NetworkConnection-6c8b67f4-97c2-4028-8476-6e58b5deb3d3">
                <cybox:Properties xsi:type="NetworkConnectionObj:NetworkConnectionObjectType">
                    <NetworkConnectionObj:Layer7_Protocol>HTTP</NetworkConnectionObj:Layer7_Protocol>
                    <NetworkConnectionObj:Destination_Socket_Address xsi:type="SocketAddressObj:SocketAddressObjectType">
                        <SocketAddressObj:Hostname xsi:type="HostnameObj:HostnameObjectType">
                            <HostnameObj:Hostname_Value>www.wkc.co.id</HostnameObj:Hostname_Value>
                        </SocketAddressObj:Hostname>
                        <SocketAddressObj:Port xsi:type="PortObj:PortObjectType">
                            <PortObj:Port_Value>443</PortObj:Port_Value>
                        </SocketAddressObj:Port>
                    </NetworkConnectionObj:Destination_Socket_Address>
                </cybox:Properties>
            </cybox:Object>
        </cybox:Observable>
        <cybox:Observable id="VMRayAnalyzer:Observable-1b94ab37-a60b-4bd9-b59f-2e2514bd554c">
            <cybox:Title>URI</cybox:Title>
            <cybox:Object id="VMRayAnalyzer:URI-9f5719c0-3b3f-45b6-944f-5a1ec161eeee">
                <cybox:Properties xsi:type="URIObj:URIObjectType" type="URL">
                    <URIObj:Value>https://www.wkc.co.id/heritage58.com/js/lib/inode.jpg</URIObj:Value>
                </cybox:Properties>
                <cybox:Related_Objects>
                    <cybox:Related_Object idref="VMRayAnalyzer:URI-6ae418f0-3b96-4e63-a8ee-aa8f3a5cdebc">
                        <cybox:Relationship xsi:type="cyboxVocabs:ObjectRelationshipVocab-1.1">Contains</cybox:Relationship>
                    </cybox:Related_Object>
                </cybox:Related_Objects>
            </cybox:Object>
        </cybox:Observable>
        <cybox:Observable id="VMRayAnalyzer:Observable-70261fdb-3e7b-4672-a2f5-77af90c9483b">
            <cybox:Title>File</cybox:Title>
            <cybox:Object id="VMRayAnalyzer:File-44ac749a-9b1f-402b-9b77-c78b2d284b7f">
                <cybox:Properties xsi:type="FileObj:FileObjectType">
                    <FileObj:File_Name>windows\system32\ntdll.dll</FileObj:File_Name>
                    <FileObj:File_Path>windows\system32\ntdll.dll</FileObj:File_Path>
                    <FileObj:Device_Path>c:\</FileObj:Device_Path>
                    <FileObj:Full_Path>c:\windows\system32\ntdll.dll</FileObj:Full_Path>
                    <FileObj:File_Extension>dll</FileObj:File_Extension>
                </cybox:Properties>
            </cybox:Object>
        </cybox:Observable>
        <cybox:Observable id="VMRayAnalyzer:Observable-c4a8e0d3-4f47-493b-b99f-a4724cbbdad0">
            <cybox:Title>File</cybox:Title>
            <cybox:Object id="VMRayAnalyzer:File-f5506c3f-9d02-43c7-a12b-253107064e6e">
                <cybox:Properties xsi:type="FileObj:FileObjectType">
                    <FileObj:File_Name>users\ciihmnxmn6ps\appdata\local\relatorio_erros\sqlite3.dll</FileObj:File_Name>
                    <FileObj:File_Path>users\ciihmnxmn6ps\appdata\local\relatorio_erros\sqlite3.dll</FileObj:File_Path>
                    <FileObj:Device_Path>c:\</FileObj:Device_Path>
                    <FileObj:Full_Path>c:\users\ciihmnxmn6ps\appdata\local\relatorio_erros\sqlite3.dll</FileObj:Full_Path>
                    <FileObj:File_Extension>dll</FileObj:File_Extension>
                    <FileObj:Hashes>
                        <cyboxCommon:Hash>
                            <cyboxCommon:Type>MD5</cyboxCommon:Type>
                            <cyboxCommon:Simple_Hash_Value>d8aec01ff14e3e7ad43a4b71e30482e4</cyboxCommon:Simple_Hash_Value>
                        </cyboxCommon:Hash>
                        <cyboxCommon:Hash>
                            <cyboxCommon:Type>SHA1</cyboxCommon:Type>
                            <cyboxCommon:Simple_Hash_Value>e3015f56f17d845ec7eef11d41bbbc28cc16d096</cyboxCommon:Simple_Hash_Value>
                        </cyboxCommon:Hash>
                        <cyboxCommon:Hash>
                            <cyboxCommon:Type>SHA256</cyboxCommon:Type>
                            <cyboxCommon:Simple_Hash_Value>da1d608be064555ab3d3d35e6db64527b8c44f3fa5ddd7c3ec723f80fc99736e</cyboxCommon:Simple_Hash_Value>
                        </cyboxCommon:Hash>
                    </FileObj:Hashes>
                </cybox:Properties>
            </cybox:Object>
        </cybox:Observable>
        <cybox:Observable id="VMRayAnalyzer:Observable-3d5e14c8-ab5a-4c70-807c-f11093069e32">
            <cybox:Title>File</cybox:Title>
            <cybox:Object id="VMRayAnalyzer:File-46bb1fda-623d-4356-bf72-317de9065ee4">
                <cybox:Properties xsi:type="FileObj:FileObjectType">
                    <FileObj:File_Name>users\ciihmnxmn6ps\appdata\local\relatorio_erros</FileObj:File_Name>
                    <FileObj:File_Path>users\ciihmnxmn6ps\appdata\local\relatorio_erros</FileObj:File_Path>
                    <FileObj:Device_Path>c:\</FileObj:Device_Path>
                    <FileObj:Full_Path>c:\users\ciihmnxmn6ps\appdata\local\relatorio_erros</FileObj:Full_Path>
                    <FileObj:File_Extension/>
                </cybox:Properties>
            </cybox:Object>
        </cybox:Observable>
        <cybox:Observable id="VMRayAnalyzer:Observable-91ab5e1f-82f4-4a91-b704-3416d69724af">
            <cybox:Title>File</cybox:Title>
            <cybox:Object id="VMRayAnalyzer:File-7e9f6ef7-4c58-41d0-8912-5dcb9573cd45">
                <cybox:Properties xsi:type="FileObj:FileObjectType">
                    <FileObj:Full_Path>sice</FileObj:Full_Path>
                </cybox:Properties>
            </cybox:Object>
        </cybox:Observable>
        <cybox:Observable id="VMRayAnalyzer:Observable-1d985a4e-2dc6-41c4-82b3-c5c4abe4f1b5">
            <cybox:Title>File</cybox:Title>
            <cybox:Object id="VMRayAnalyzer:File-e0638b82-9fce-41ac-ae58-f600d1a76fb8">
                <cybox:Properties xsi:type="FileObj:FileObjectType">
                    <FileObj:Full_Path>siwvid</FileObj:Full_Path>
                </cybox:Properties>
            </cybox:Object>
        </cybox:Observable>
        <cybox:Observable id="VMRayAnalyzer:Observable-e7f9a282-8920-49cf-b57b-05f0cd8a906d">
            <cybox:Title>File</cybox:Title>
            <cybox:Object id="VMRayAnalyzer:File-9b35fbcd-c8d6-437e-83b4-097dac2f0e2b">
                <cybox:Properties xsi:type="FileObj:FileObjectType">
                    <FileObj:Full_Path>ntice</FileObj:Full_Path>
                </cybox:Properties>
            </cybox:Object>
        </cybox:Observable>
        <cybox:Observable id="VMRayAnalyzer:Observable-908b5e99-11c1-4323-829e-b5d4c449ceef">
            <cybox:Title>File</cybox:Title>
            <cybox:Object id="VMRayAnalyzer:File-caf7b579-dbaf-47d3-80e7-e62a79d02a9f">
                <cybox:Properties xsi:type="FileObj:FileObjectType">
                    <FileObj:File_Name>users\ciihmnxmn6ps\appdata\local\nzpnpqiti\86976.exe</FileObj:File_Name>
                    <FileObj:File_Path>users\ciihmnxmn6ps\appdata\local\nzpnpqiti\86976.exe</FileObj:File_Path>
                    <FileObj:Device_Path>c:\</FileObj:Device_Path>
                    <FileObj:Full_Path>c:\users\ciihmnxmn6ps\appdata\local\nzpnpqiti\86976.exe</FileObj:Full_Path>
                    <FileObj:File_Extension>exe</FileObj:File_Extension>
                </cybox:Properties>
            </cybox:Object>
        </cybox:Observable>
        <cybox:Observable id="VMRayAnalyzer:Observable-6636a2f6-a1a4-4faa-85da-d3581c2d2b6d">
            <cybox:Title>Mutex</cybox:Title>
            <cybox:Object id="VMRayAnalyzer:Mutex-d57f9b20-31b4-4308-96da-652051106f6f">
                <cybox:Properties xsi:type="MutexObj:MutexObjectType" named="true">
                    <MutexObj:Name>Relatorio_Erros</MutexObj:Name>
                </cybox:Properties>
            </cybox:Object>
        </cybox:Observable>
        <cybox:Observable id="VMRayAnalyzer:Observable-a8403310-039a-4755-931c-9eaa79556938">
            <cybox:Title>Mutex</cybox:Title>
            <cybox:Object id="VMRayAnalyzer:Mutex-7cccdc17-d710-4b25-9691-cab1ba804b11">
                <cybox:Properties xsi:type="MutexObj:MutexObjectType" named="true">
                    <MutexObj:Name>Relatorio_Erros</MutexObj:Name>
                </cybox:Properties>
            </cybox:Object>
        </cybox:Observable>
        <cybox:Observable id="VMRayAnalyzer:Observable-a2993f2e-ed77-4e9b-85e4-ad4822393033">
            <cybox:Title>WinRegistryKey</cybox:Title>
            <cybox:Object id="VMRayAnalyzer:WinRegistryKey-eea15b54-5bd8-4bbd-b41b-7be790741a37">
                <cybox:Properties xsi:type="WinRegistryKeyObj:WindowsRegistryKeyObjectType">
                    <WinRegistryKeyObj:Key>SYSTEM\ControlSet001\Control\Class\{4D36E968-E325-11CE-BFC1-08002BE10318}\0000</WinRegistryKeyObj:Key>
                    <WinRegistryKeyObj:Hive>HKEY_LOCAL_MACHINE</WinRegistryKeyObj:Hive>
                    <WinRegistryKeyObj:Values>
                        <WinRegistryKeyObj:Value>
                            <WinRegistryKeyObj:Name>DriverDesc</WinRegistryKeyObj:Name>
                        </WinRegistryKeyObj:Value>
                    </WinRegistryKeyObj:Values>
                </cybox:Properties>
            </cybox:Object>
        </cybox:Observable>
        <cybox:Observable id="VMRayAnalyzer:Observable-a3e4f774-6765-47d2-980e-359add7cec38">
            <cybox:Title>WinRegistryKey</cybox:Title>
            <cybox:Object id="VMRayAnalyzer:WinRegistryKey-311a7603-873f-4d1e-8a25-1fa9eff92e03">
                <cybox:Properties xsi:type="WinRegistryKeyObj:WindowsRegistryKeyObjectType">
                    <WinRegistryKeyObj:Key>Hardware\description\System</WinRegistryKeyObj:Key>
                    <WinRegistryKeyObj:Hive>HKEY_LOCAL_MACHINE</WinRegistryKeyObj:Hive>
                    <WinRegistryKeyObj:Values>
                        <WinRegistryKeyObj:Value>
                            <WinRegistryKeyObj:Name>SystemBiosVersion</WinRegistryKeyObj:Name>
                        </WinRegistryKeyObj:Value>
                        <WinRegistryKeyObj:Value>
                            <WinRegistryKeyObj:Name>VideoBiosVersion</WinRegistryKeyObj:Name>
                        </WinRegistryKeyObj:Value>
                    </WinRegistryKeyObj:Values>
                </cybox:Properties>
            </cybox:Object>
        </cybox:Observable>
        <cybox:Observable id="VMRayAnalyzer:Observable-22e43172-8b19-41de-8939-d4dd6c228311">
            <cybox:Title>WinRegistryKey</cybox:Title>
            <cybox:Object id="VMRayAnalyzer:WinRegistryKey-62220f80-cd7e-40a2-a44b-e3e6be45c28a">
                <cybox:Properties xsi:type="WinRegistryKeyObj:WindowsRegistryKeyObjectType">
                    <WinRegistryKeyObj:Key>Software\Microsoft\Wbem\Scripting</WinRegistryKeyObj:Key>
                    <WinRegistryKeyObj:Hive>HKEY_LOCAL_MACHINE</WinRegistryKeyObj:Hive>
                    <WinRegistryKeyObj:Values>
                        <WinRegistryKeyObj:Value>
                            <WinRegistryKeyObj:Name>Default Impersonation Level</WinRegistryKeyObj:Name>
                        </WinRegistryKeyObj:Value>
                    </WinRegistryKeyObj:Values>
                </cybox:Properties>
            </cybox:Object>
        </cybox:Observable>
        <cybox:Observable id="VMRayAnalyzer:Observable-1e4e49dc-5a6c-4fb3-a05f-745ca21b64f0">
            <cybox:Title>WinRegistryKey</cybox:Title>
            <cybox:Object id="VMRayAnalyzer:WinRegistryKey-91705baf-efa5-4547-ae9a-f94642d75f5d">
                <cybox:Properties xsi:type="WinRegistryKeyObj:WindowsRegistryKeyObjectType">
                    <WinRegistryKeyObj:Key>Software\Microsoft\Windows\CurrentVersion\Run</WinRegistryKeyObj:Key>
                    <WinRegistryKeyObj:Hive>HKEY_CURRENT_USER</WinRegistryKeyObj:Hive>
                    <WinRegistryKeyObj:Values>
                        <WinRegistryKeyObj:Value>
                            <WinRegistryKeyObj:Name>csrss</WinRegistryKeyObj:Name>
                        </WinRegistryKeyObj:Value>
                        <WinRegistryKeyObj:Value>
                            <WinRegistryKeyObj:Name>svchost</WinRegistryKeyObj:Name>
                            <WinRegistryKeyObj:Data>"C:\Users\CIiHmnxMn6Ps\AppData\Local\Relatorio_Erros\svchost.exe"</WinRegistryKeyObj:Data>
                            <WinRegistryKeyObj:Datatype>REG_SZ</WinRegistryKeyObj:Datatype>
                        </WinRegistryKeyObj:Value>
                    </WinRegistryKeyObj:Values>
                </cybox:Properties>
            </cybox:Object>
        </cybox:Observable>
        <cybox:Observable id="VMRayAnalyzer:Observable-65aefd5d-1f57-44b4-a31a-a2a5363c7c9d">
            <cybox:Title>WinRegistryKey</cybox:Title>
            <cybox:Object id="VMRayAnalyzer:WinRegistryKey-814ebddf-926a-4aba-aeb7-259b848240df">
                <cybox:Properties xsi:type="WinRegistryKeyObj:WindowsRegistryKeyObjectType">
                    <WinRegistryKeyObj:Key>Software\Relatorio_Erros</WinRegistryKeyObj:Key>
                    <WinRegistryKeyObj:Hive>HKEY_CURRENT_USER</WinRegistryKeyObj:Hive>
                </cybox:Properties>
            </cybox:Object>
        </cybox:Observable>
        <cybox:Observable id="VMRayAnalyzer:Observable-f5fd9461-2053-4d14-9708-383f06388378">
            <cybox:Title>WinRegistryKey</cybox:Title>
            <cybox:Object id="VMRayAnalyzer:WinRegistryKey-a93bec86-f04b-43bb-a4fd-3b04a00710a1">
                <cybox:Properties xsi:type="WinRegistryKeyObj:WindowsRegistryKeyObjectType">
                    <WinRegistryKeyObj:Key>Software\Wine</WinRegistryKeyObj:Key>
                    <WinRegistryKeyObj:Hive>HKEY_CURRENT_USER</WinRegistryKeyObj:Hive>
                </cybox:Properties>
            </cybox:Object>
        </cybox:Observable>
        <cybox:Observable id="VMRayAnalyzer:Observable-1149b1a4-8dfb-4afa-9001-eb2239711eb6">
            <cybox:Title>WinRegistryKey</cybox:Title>
            <cybox:Object id="VMRayAnalyzer:WinRegistryKey-1001437b-b8af-4586-b1a8-697715b6488a">
                <cybox:Properties xsi:type="WinRegistryKeyObj:WindowsRegistryKeyObjectType">
                    <WinRegistryKeyObj:Key>HARDWARE\ACPI\DSDT\VBOX__</WinRegistryKeyObj:Key>
                    <WinRegistryKeyObj:Hive>HKEY_LOCAL_MACHINE</WinRegistryKeyObj:Hive>
                </cybox:Properties>
            </cybox:Object>
        </cybox:Observable>
        <cybox:Observable id="VMRayAnalyzer:Observable-2982e74f-1e2a-4c5c-b505-562c5ac029b1">
            <cybox:Title>WinRegistryKey</cybox:Title>
            <cybox:Object id="VMRayAnalyzer:WinRegistryKey-e59147c2-bb54-47d8-b6db-f7511d0c899e">
                <cybox:Properties xsi:type="WinRegistryKeyObj:WindowsRegistryKeyObjectType">
                    <WinRegistryKeyObj:Key>Software\Borland\Locales</WinRegistryKeyObj:Key>
                    <WinRegistryKeyObj:Hive>HKEY_CURRENT_USER</WinRegistryKeyObj:Hive>
                </cybox:Properties>
            </cybox:Object>
        </cybox:Observable>
        <cybox:Observable id="VMRayAnalyzer:Observable-ddc1df96-98ea-4fe1-8a31-00d023c6549d">
            <cybox:Title>WinRegistryKey</cybox:Title>
            <cybox:Object id="VMRayAnalyzer:WinRegistryKey-10e455b9-4088-4b60-bc25-68525ef1264f">
                <cybox:Properties xsi:type="WinRegistryKeyObj:WindowsRegistryKeyObjectType">
                    <WinRegistryKeyObj:Key>Software\Borland\Locales</WinRegistryKeyObj:Key>
                    <WinRegistryKeyObj:Hive>HKEY_LOCAL_MACHINE</WinRegistryKeyObj:Hive>
                </cybox:Properties>
            </cybox:Object>
        </cybox:Observable>
        <cybox:Observable id="VMRayAnalyzer:Observable-831ebfad-6293-4fce-b76a-7e5e04d90b99">
            <cybox:Title>WinRegistryKey</cybox:Title>
            <cybox:Object id="VMRayAnalyzer:WinRegistryKey-39af19f0-f7ca-4ad1-a4f7-8847901a7f90">
                <cybox:Properties xsi:type="WinRegistryKeyObj:WindowsRegistryKeyObjectType">
                    <WinRegistryKeyObj:Key>Software\Borland\Delphi\Locales</WinRegistryKeyObj:Key>
                    <WinRegistryKeyObj:Hive>HKEY_CURRENT_USER</WinRegistryKeyObj:Hive>
                </cybox:Properties>
            </cybox:Object>
        </cybox:Observable>
        <cybox:Observable id="VMRayAnalyzer:Observable-75d622c5-9f63-4ecd-9d0a-04aa9a80e690">
            <cybox:Title>WinRegistryKey</cybox:Title>
            <cybox:Object id="VMRayAnalyzer:WinRegistryKey-911fca54-3df7-4129-b319-b49d0fe623ae">
                <cybox:Properties xsi:type="WinRegistryKeyObj:WindowsRegistryKeyObjectType">
                    <WinRegistryKeyObj:Key>Software\Relatorio_Erros</WinRegistryKeyObj:Key>
                    <WinRegistryKeyObj:Hive>HKEY_CURRENT_USER</WinRegistryKeyObj:Hive>
                </cybox:Properties>
            </cybox:Object>
        </cybox:Observable>
        <cybox:Observable id="VMRayAnalyzer:Observable-0ba6e6b5-506e-466a-93b1-ebd167e82c32">
            <cybox:Title>DNSRecord</cybox:Title>
            <cybox:Object id="VMRayAnalyzer:DNSRecord-8a59331c-025f-4b99-b1e2-d137f5d02731">
                <cybox:Properties xsi:type="DNSRecordObj:DNSRecordObjectType">
                    <DNSRecordObj:Domain_Name xsi:type="URIObj:URIObjectType" type="Domain Name">
                        <URIObj:Value>www.fuente-ovejuna.cz</URIObj:Value>
                    </DNSRecordObj:Domain_Name>
                </cybox:Properties>
            </cybox:Object>
        </cybox:Observable>
        <cybox:Observable id="VMRayAnalyzer:Observable-9a6c8bd8-17f6-4bcd-8fd6-8922053bfd53">
            <cybox:Title>SocketAddress</cybox:Title>
            <cybox:Object id="VMRayAnalyzer:SocketAddress-41e0557e-5be5-450e-b2d4-744e3a3898fb">
                <cybox:Properties xsi:type="SocketAddressObj:SocketAddressObjectType">
                    <SocketAddressObj:Hostname xsi:type="HostnameObj:HostnameObjectType">
                        <HostnameObj:Hostname_Value>www.fuente-ovejuna.cz</HostnameObj:Hostname_Value>
                    </SocketAddressObj:Hostname>
                    <SocketAddressObj:Port xsi:type="PortObj:PortObjectType">
                        <PortObj:Port_Value>80</PortObj:Port_Value>
                    </SocketAddressObj:Port>
                </cybox:Properties>
            </cybox:Object>
        </cybox:Observable>
        <cybox:Observable id="VMRayAnalyzer:Observable-907d2f4d-15b3-4e6c-94df-0b8e159666f8">
            <cybox:Title>NetworkConnection</cybox:Title>
            <cybox:Object id="VMRayAnalyzer:NetworkConnection-ce0ba996-c6e4-454e-81e5-f76015bbf13a">
                <cybox:Properties xsi:type="NetworkConnectionObj:NetworkConnectionObjectType">
                    <NetworkConnectionObj:Layer7_Protocol>HTTP</NetworkConnectionObj:Layer7_Protocol>
                    <NetworkConnectionObj:Destination_Socket_Address xsi:type="SocketAddressObj:SocketAddressObjectType">
                        <SocketAddressObj:Hostname xsi:type="HostnameObj:HostnameObjectType">
                            <HostnameObj:Hostname_Value>www.fuente-ovejuna.cz</HostnameObj:Hostname_Value>
                        </SocketAddressObj:Hostname>
                        <SocketAddressObj:Port xsi:type="PortObj:PortObjectType">
                            <PortObj:Port_Value>80</PortObj:Port_Value>
                        </SocketAddressObj:Port>
                    </NetworkConnectionObj:Destination_Socket_Address>
                </cybox:Properties>
            </cybox:Object>
        </cybox:Observable>
        <cybox:Observable id="VMRayAnalyzer:Observable-cbf77cc6-5730-4527-adbf-ce15dac1c323">
            <cybox:Title>URI</cybox:Title>
            <cybox:Object id="VMRayAnalyzer:URI-ae07f1de-a8c7-4a3b-b340-cd3a5af5e266">
                <cybox:Properties xsi:type="URIObj:URIObjectType" type="URL">
                    <URIObj:Value>www.fuente-ovejuna.cz/admin/includes/css.php</URIObj:Value>
                </cybox:Properties>
                <cybox:Related_Objects>
                    <cybox:Related_Object idref="VMRayAnalyzer:URI-fe235b45-0e24-4065-96f1-8e43ea30a4ed">
                        <cybox:Relationship xsi:type="cyboxVocabs:ObjectRelationshipVocab-1.1">Contains</cybox:Relationship>
                    </cybox:Related_Object>
                </cybox:Related_Objects>
            </cybox:Object>
        </cybox:Observable>
        <cybox:Observable id="VMRayAnalyzer:Observable-706057d6-b4e3-45ec-89d5-d58284dda5f6">
            <cybox:Title>URI</cybox:Title>
            <cybox:Object id="VMRayAnalyzer:URI-fe235b45-0e24-4065-96f1-8e43ea30a4ed">
                <cybox:Properties xsi:type="URIObj:URIObjectType" type="Domain Name">
                    <URIObj:Value>None</URIObj:Value>
                </cybox:Properties>
            </cybox:Object>
        </cybox:Observable>
        <cybox:Observable id="VMRayAnalyzer:Observable-7f00449f-9342-4009-802a-c4ae9184d454">
            <cybox:Title>File</cybox:Title>
            <cybox:Object id="VMRayAnalyzer:File-70f1e065-24e0-4e0f-ab11-6e4cbc1b3100">
                <cybox:Properties xsi:type="FileObj:FileObjectType">
                    <FileObj:Full_Path>STD_OUTPUT_HANDLE</FileObj:Full_Path>
                </cybox:Properties>
            </cybox:Object>
        </cybox:Observable>
        <cybox:Observable id="VMRayAnalyzer:Observable-9742e9ed-82a3-46f7-ac2d-19e33ebb4305">
            <cybox:Title>WinService</cybox:Title>
            <cybox:Object id="VMRayAnalyzer:WinService-28662554-4b99-4d7b-87a8-bd6131e3b0e9">
                <cybox:Properties xsi:type="WinServiceObj:WindowsServiceObjectType">
                    <ProcessObj:Name>wuauserv</ProcessObj:Name>
                </cybox:Properties>
            </cybox:Object>
        </cybox:Observable>
    </stix:Observables>
    <stix:Indicators>
        <stix:Indicator id="VMRayAnalyzer:indicator-954ee885-251a-459d-871c-ab5f4e9c5cd4" timestamp="2018-05-02T13:29:35.116663+00:00" xsi:type='indicator:IndicatorType'>
            <indicator:Title>Analyzed Sample #47661</indicator:Title>
            <indicator:Type xsi:type="stixVocabs:IndicatorTypeVocab-1.1">Malware Artifacts</indicator:Type>
            <indicator:Alternative_ID>47661</indicator:Alternative_ID>
            <indicator:Alternative_ID>Sample-ID: #47661</indicator:Alternative_ID>
            <indicator:Alternative_ID>Job-ID: #116599</indicator:Alternative_ID>
            <indicator:Short_Description>This sample was analyzed by VMRay Analyzer 2.3.0 on a Windows 10 Threshold 1 system</indicator:Short_Description>
            <indicator:Observable id="VMRayAnalyzer:Observable-e731df94-c72b-43c8-a3c4-55ed3a4a66f0">
                <cybox:Observable_Composition operator="AND">
                    <cybox:Observable idref="VMRayAnalyzer:Observable-7c5d4b7b-039a-434a-8cf1-954c9c5e32a8">
                    </cybox:Observable>
                    <cybox:Observable idref="VMRayAnalyzer:Observable-0acd7198-219c-4375-b557-121ac8e0682a">
                    </cybox:Observable>
                    <cybox:Observable idref="VMRayAnalyzer:Observable-5204bb3c-fcaf-415f-819f-c30516db417e">
                    </cybox:Observable>
                    <cybox:Observable idref="VMRayAnalyzer:Observable-a4ef8c1b-4cfd-4a5c-8b7a-58dfee74f6de">
                    </cybox:Observable>
                    <cybox:Observable idref="VMRayAnalyzer:Observable-04babcc9-71d8-456e-a585-4290467f48a4">
                    </cybox:Observable>
                    <cybox:Observable idref="VMRayAnalyzer:Observable-8c78a8a2-7cbe-4c03-a45c-ad9943b79b44">
                    </cybox:Observable>
                    <cybox:Observable idref="VMRayAnalyzer:Observable-76d65cea-78db-481c-829c-1ba71b008e4b">
                    </cybox:Observable>
                    <cybox:Observable idref="VMRayAnalyzer:Observable-2e7820ed-64ac-4fe3-b6c8-38616cfb3a86">
                    </cybox:Observable>
                    <cybox:Observable idref="VMRayAnalyzer:Observable-03df8d9f-1036-45fe-925c-d9b4e680461f">
                    </cybox:Observable>
                    <cybox:Observable idref="VMRayAnalyzer:Observable-8b003079-5e11-4d24-ac7e-68a39d136087">
                    </cybox:Observable>
                    <cybox:Observable idref="VMRayAnalyzer:Observable-55c5f7bf-dd26-44fd-839d-96bcd0ee8e3b">
                    </cybox:Observable>
                    <cybox:Observable idref="VMRayAnalyzer:Observable-e7f26a5f-51e7-4f6f-b91f-3d4b3d462281">
                    </cybox:Observable>
                    <cybox:Observable idref="VMRayAnalyzer:Observable-6714e8fe-3b05-40bb-8bd6-c54c0ef69743">
                    </cybox:Observable>
                    <cybox:Observable idref="VMRayAnalyzer:Observable-2fe9067d-d210-45be-8fad-89467898bf28">
                    </cybox:Observable>
                    <cybox:Observable idref="VMRayAnalyzer:Observable-8ec04587-0e59-4be8-a53c-e9aa51a0b89f">
                    </cybox:Observable>
                    <cybox:Observable idref="VMRayAnalyzer:Observable-3af1d958-0a97-4cba-8402-fd161af7b0f3">
                    </cybox:Observable>
                    <cybox:Observable idref="VMRayAnalyzer:Observable-1b1c8747-1913-4ac5-b813-aed1b8f0db0b">
                    </cybox:Observable>
                    <cybox:Observable idref="VMRayAnalyzer:Observable-3c59e0b1-b89b-4f5f-a01d-032b92198de7">
                    </cybox:Observable>
                    <cybox:Observable idref="VMRayAnalyzer:Observable-74996be8-8a7c-489c-be8c-96bc9315da62">
                    </cybox:Observable>
                    <cybox:Observable idref="VMRayAnalyzer:Observable-3a768bfa-27c6-4a3d-8946-6052fa48a2ba">
                    </cybox:Observable>
                    <cybox:Observable idref="VMRayAnalyzer:Observable-38c0a2c8-1627-4b49-9d89-ba7f06420a92">
                    </cybox:Observable>
                    <cybox:Observable idref="VMRayAnalyzer:Observable-c497be6d-937a-49ce-b53a-043f484cb184">
                    </cybox:Observable>
                    <cybox:Observable idref="VMRayAnalyzer:Observable-3e6083d0-c2a7-4089-9bb3-38f872af0783">
                    </cybox:Observable>
                    <cybox:Observable idref="VMRayAnalyzer:Observable-7d99e238-b9ec-4f21-bbf5-d332cf039190">
                    </cybox:Observable>
                    <cybox:Observable idref="VMRayAnalyzer:Observable-03ce582e-c446-44c1-ba9f-67c2b50acc99">
                    </cybox:Observable>
                    <cybox:Observable idref="VMRayAnalyzer:Observable-1b94ab37-a60b-4bd9-b59f-2e2514bd554c">
                    </cybox:Observable>
                    <cybox:Observable idref="VMRayAnalyzer:Observable-70261fdb-3e7b-4672-a2f5-77af90c9483b">
                    </cybox:Observable>
                    <cybox:Observable idref="VMRayAnalyzer:Observable-c4a8e0d3-4f47-493b-b99f-a4724cbbdad0">
                    </cybox:Observable>
                    <cybox:Observable idref="VMRayAnalyzer:Observable-3d5e14c8-ab5a-4c70-807c-f11093069e32">
                    </cybox:Observable>
                    <cybox:Observable idref="VMRayAnalyzer:Observable-91ab5e1f-82f4-4a91-b704-3416d69724af">
                    </cybox:Observable>
                    <cybox:Observable idref="VMRayAnalyzer:Observable-1d985a4e-2dc6-41c4-82b3-c5c4abe4f1b5">
                    </cybox:Observable>
                    <cybox:Observable idref="VMRayAnalyzer:Observable-e7f9a282-8920-49cf-b57b-05f0cd8a906d">
                    </cybox:Observable>
                    <cybox:Observable idref="VMRayAnalyzer:Observable-908b5e99-11c1-4323-829e-b5d4c449ceef">
                    </cybox:Observable>
                    <cybox:Observable idref="VMRayAnalyzer:Observable-6636a2f6-a1a4-4faa-85da-d3581c2d2b6d">
                    </cybox:Observable>
                    <cybox:Observable idref="VMRayAnalyzer:Observable-a8403310-039a-4755-931c-9eaa79556938">
                    </cybox:Observable>
                    <cybox:Observable idref="VMRayAnalyzer:Observable-a2993f2e-ed77-4e9b-85e4-ad4822393033">
                    </cybox:Observable>
                    <cybox:Observable idref="VMRayAnalyzer:Observable-a3e4f774-6765-47d2-980e-359add7cec38">
                    </cybox:Observable>
                    <cybox:Observable idref="VMRayAnalyzer:Observable-22e43172-8b19-41de-8939-d4dd6c228311">
                    </cybox:Observable>
                    <cybox:Observable idref="VMRayAnalyzer:Observable-1e4e49dc-5a6c-4fb3-a05f-745ca21b64f0">
                    </cybox:Observable>
                    <cybox:Observable idref="VMRayAnalyzer:Observable-65aefd5d-1f57-44b4-a31a-a2a5363c7c9d">
                    </cybox:Observable>
                    <cybox:Observable idref="VMRayAnalyzer:Observable-f5fd9461-2053-4d14-9708-383f06388378">
                    </cybox:Observable>
                    <cybox:Observable idref="VMRayAnalyzer:Observable-1149b1a4-8dfb-4afa-9001-eb2239711eb6">
                    </cybox:Observable>
                    <cybox:Observable idref="VMRayAnalyzer:Observable-2982e74f-1e2a-4c5c-b505-562c5ac029b1">
                    </cybox:Observable>
                    <cybox:Observable idref="VMRayAnalyzer:Observable-ddc1df96-98ea-4fe1-8a31-00d023c6549d">
                    </cybox:Observable>
                    <cybox:Observable idref="VMRayAnalyzer:Observable-831ebfad-6293-4fce-b76a-7e5e04d90b99">
                    </cybox:Observable>
                    <cybox:Observable idref="VMRayAnalyzer:Observable-75d622c5-9f63-4ecd-9d0a-04aa9a80e690">
                    </cybox:Observable>
                    <cybox:Observable idref="VMRayAnalyzer:Observable-0ba6e6b5-506e-466a-93b1-ebd167e82c32">
                    </cybox:Observable>
                    <cybox:Observable idref="VMRayAnalyzer:Observable-9a6c8bd8-17f6-4bcd-8fd6-8922053bfd53">
                    </cybox:Observable>
                    <cybox:Observable idref="VMRayAnalyzer:Observable-907d2f4d-15b3-4e6c-94df-0b8e159666f8">
                    </cybox:Observable>
                    <cybox:Observable idref="VMRayAnalyzer:Observable-cbf77cc6-5730-4527-adbf-ce15dac1c323">
                    </cybox:Observable>
                    <cybox:Observable idref="VMRayAnalyzer:Observable-706057d6-b4e3-45ec-89d5-d58284dda5f6">
                    </cybox:Observable>
                    <cybox:Observable idref="VMRayAnalyzer:Observable-7f00449f-9342-4009-802a-c4ae9184d454">
                    </cybox:Observable>
                    <cybox:Observable idref="VMRayAnalyzer:Observable-9742e9ed-82a3-46f7-ac2d-19e33ebb4305">
                    </cybox:Observable>
                </cybox:Observable_Composition>
            </indicator:Observable>
            <indicator:Indicated_TTP>
                <stixCommon:TTP idref="VMRayAnalyzer:ttp-e036a88b-ac8e-499e-ba8e-2d8984d1f3ba" timestamp="2018-05-02T13:29:35.120097+00:00" xsi:type='ttp:TTPType'/>
            </indicator:Indicated_TTP>
            <indicator:Indicated_TTP>
                <stixCommon:TTP idref="VMRayAnalyzer:ttp-9eea42ae-7712-4c68-b75d-1ccea41f1e92" timestamp="2018-05-02T13:29:35.120442+00:00" xsi:type='ttp:TTPType'/>
            </indicator:Indicated_TTP>
            <indicator:Indicated_TTP>
                <stixCommon:TTP idref="VMRayAnalyzer:ttp-3a0bc369-0c0f-4621-bebe-3d043b7461bd" timestamp="2018-05-02T13:29:35.120808+00:00" xsi:type='ttp:TTPType'/>
            </indicator:Indicated_TTP>
            <indicator:Indicated_TTP>
                <stixCommon:TTP idref="VMRayAnalyzer:ttp-31fc8449-e99a-4cc1-87d7-155d37ab1b31" timestamp="2018-05-02T13:29:35.121066+00:00" xsi:type='ttp:TTPType'/>
            </indicator:Indicated_TTP>
            <indicator:Indicated_TTP>
                <stixCommon:TTP idref="VMRayAnalyzer:ttp-d1ce1b50-32f5-450f-b2a0-ca6613cacf34" timestamp="2018-05-02T13:29:35.121320+00:00" xsi:type='ttp:TTPType'/>
            </indicator:Indicated_TTP>
            <indicator:Indicated_TTP>
                <stixCommon:TTP idref="VMRayAnalyzer:ttp-10294386-e6c4-4dee-89ca-1ea4dd943395" timestamp="2018-05-02T13:29:35.121574+00:00" xsi:type='ttp:TTPType'/>
            </indicator:Indicated_TTP>
            <indicator:Indicated_TTP>
                <stixCommon:TTP idref="VMRayAnalyzer:ttp-45c740da-1839-4805-a676-16ae4d33f817" timestamp="2018-05-02T13:29:35.121821+00:00" xsi:type='ttp:TTPType'/>
            </indicator:Indicated_TTP>
            <indicator:Indicated_TTP>
                <stixCommon:TTP idref="VMRayAnalyzer:ttp-34452bda-9ee1-4771-a93c-2150b38c2812" timestamp="2018-05-02T13:29:35.122060+00:00" xsi:type='ttp:TTPType'/>
            </indicator:Indicated_TTP>
            <indicator:Indicated_TTP>
                <stixCommon:TTP idref="VMRayAnalyzer:ttp-eb76f44f-f574-432d-8f47-7fb9303d6124" timestamp="2018-05-02T13:29:35.122304+00:00" xsi:type='ttp:TTPType'/>
            </indicator:Indicated_TTP>
            <indicator:Indicated_TTP>
                <stixCommon:TTP idref="VMRayAnalyzer:ttp-f95622d6-e3a5-4692-8550-f6c006d40bbe" timestamp="2018-05-02T13:29:35.122553+00:00" xsi:type='ttp:TTPType'/>
            </indicator:Indicated_TTP>
            <indicator:Indicated_TTP>
                <stixCommon:TTP idref="VMRayAnalyzer:ttp-0f45d135-dc64-4162-9293-be92f05b89c4" timestamp="2018-05-02T13:29:35.122838+00:00" xsi:type='ttp:TTPType'/>
            </indicator:Indicated_TTP>
            <indicator:Indicated_TTP>
                <stixCommon:TTP idref="VMRayAnalyzer:ttp-1363e599-886b-4802-a101-95817a5aa96f" timestamp="2018-05-02T13:29:35.123141+00:00" xsi:type='ttp:TTPType'/>
            </indicator:Indicated_TTP>
            <indicator:Indicated_TTP>
                <stixCommon:TTP idref="VMRayAnalyzer:ttp-66363dce-cc0b-44a9-b3a2-33b72d57e6aa" timestamp="2018-05-02T13:29:35.123388+00:00" xsi:type='ttp:TTPType'/>
            </indicator:Indicated_TTP>
            <indicator:Indicated_TTP>
                <stixCommon:TTP idref="VMRayAnalyzer:ttp-d9a5c171-4277-4ced-9939-811ff3ccb8f7" timestamp="2018-05-02T13:29:35.123630+00:00" xsi:type='ttp:TTPType'/>
            </indicator:Indicated_TTP>
            <indicator:Indicated_TTP>
                <stixCommon:TTP idref="VMRayAnalyzer:ttp-0d2d8724-2f69-4abd-b0b9-3bce206ac03b" timestamp="2018-05-02T13:29:35.123870+00:00" xsi:type='ttp:TTPType'/>
            </indicator:Indicated_TTP>
            <indicator:Indicated_TTP>
                <stixCommon:TTP idref="VMRayAnalyzer:ttp-ffcd0346-99d4-4069-bbf2-d6ed0d89f95e" timestamp="2018-05-02T13:29:35.124106+00:00" xsi:type='ttp:TTPType'/>
            </indicator:Indicated_TTP>
            <indicator:Likely_Impact timestamp="2018-05-02T13:29:35.124310+00:00">
                <stixCommon:Value>100</stixCommon:Value>
                <stixCommon:Description>VTI Score based on VTI Database Version 2.7</stixCommon:Description>
            </indicator:Likely_Impact>
            <indicator:Related_Indicators>
                <indicator:Related_Indicator>
                    <stixCommon:Indicator id="VMRayAnalyzer:indicator-30b44119-fedc-420a-ab40-b94be32f92ea" timestamp="2018-05-02T13:29:35.119437+00:00" xsi:type='indicator:IndicatorType'>
                        <indicator:Title>Metadata of Sample File #47661</indicator:Title>
                        <indicator:Alternative_ID>Submission-ID: #49239</indicator:Alternative_ID>
                        <indicator:Observable id="VMRayAnalyzer:Observable-099f4388-d08c-4f70-8e2a-e06cdf808a2a">
                            <cybox:Object id="VMRayAnalyzer:File-889eb2e5-ec92-4f50-8a83-a4f512767fb9">
                                <cybox:Properties xsi:type="FileObj:FileObjectType">
                                    <FileObj:File_Name>C:\Users\CIiHmnxMn6Ps\Desktop\Paquete_id345634563.PDF.js</FileObj:File_Name>
                                    <FileObj:File_Extension>js</FileObj:File_Extension>
                                    <FileObj:Hashes>
                                        <cyboxCommon:Hash>
                                            <cyboxCommon:Type>MD5</cyboxCommon:Type>
                                            <cyboxCommon:Simple_Hash_Value>08bbc8496dba52068041bb715dee5f01</cyboxCommon:Simple_Hash_Value>
                                        </cyboxCommon:Hash>
                                        <cyboxCommon:Hash>
                                            <cyboxCommon:Type>SHA1</cyboxCommon:Type>
                                            <cyboxCommon:Simple_Hash_Value>23406158ebaa3ecd80b0ddca621cacc2854c7150</cyboxCommon:Simple_Hash_Value>
                                        </cyboxCommon:Hash>
                                        <cyboxCommon:Hash>
                                            <cyboxCommon:Type>SHA256</cyboxCommon:Type>
                                            <cyboxCommon:Simple_Hash_Value>263cf261a45e5d9cf420e9b5ccda364d3765a439623cbd7be64daf8cc57d7869</cyboxCommon:Simple_Hash_Value>
                                        </cyboxCommon:Hash>
                                    </FileObj:Hashes>
                                </cybox:Properties>
                                <cybox:Related_Objects>
                                    <cybox:Related_Object idref="VMRayAnalyzer:Process-f45a0295-c6eb-4b0d-b3f4-429f8130c109">
                                        <cybox:Relationship xsi:type="cyboxVocabs:ObjectRelationshipVocab-1.1">Opened_By</cybox:Relationship>
                                    </cybox:Related_Object>
                                </cybox:Related_Objects>
                            </cybox:Object>
                        </indicator:Observable>
                    </stixCommon:Indicator>
                </indicator:Related_Indicator>
                <indicator:Related_Indicator>
                    <stixCommon:Indicator id="VMRayAnalyzer:indicator-0d8af463-68c6-4e23-8e1b-1e459d84c8b8" timestamp="2018-05-02T13:29:35.119672+00:00" xsi:type='indicator:IndicatorType'>
                        <indicator:Title>Metadata of Analysis for Job-ID #116599</indicator:Title>
                        <indicator:Observable id="VMRayAnalyzer:Observable-7fc77c21-d849-4312-ac36-2b5bf4f30e4b">
                            <cybox:Object id="VMRayAnalyzer:Custom-b29fecaa-035f-469a-bbba-a34723ed2a4d">
                                <cybox:Properties xsi:type="CustomObj:CustomObjectType" custom_name="VMRayAnalyzer:AnalysisMetadataType">
                                    <cyboxCommon:Custom_Properties>
                                        <cyboxCommon:Property name="Termination Reason">Timeout</cyboxCommon:Property>
                                        <cyboxCommon:Property name="Cybox Truncated">False</cyboxCommon:Property>
                                        <cyboxCommon:Property name="VM Architecture">x86 64-bit</cyboxCommon:Property>
                                        <cyboxCommon:Property name="VM Kernel Version">10.0.10240.16384 (c68ee22f-dcf6-4778-95c5-4a862be16567)</cyboxCommon:Property>
                                        <cyboxCommon:Property name="VM Name">win10_64</cyboxCommon:Property>
                                        <cyboxCommon:Property name="Execution Successful">True</cyboxCommon:Property>
                                        <cyboxCommon:Property name="VM Analysis Duration Time">171.538</cyboxCommon:Property>
                                        <cyboxCommon:Property name="VM OS">Windows 10 Threshold 1</cyboxCommon:Property>
                                    </cyboxCommon:Custom_Properties>
                                    <CustomObj:Description>This is a property collection for additional information of VMRay analysis</CustomObj:Description>
                                </cybox:Properties>
                            </cybox:Object>
                        </indicator:Observable>
                    </stixCommon:Indicator>
                </indicator:Related_Indicator>
            </indicator:Related_Indicators>
            <indicator:Producer>
                <stixCommon:Identity>
                    <stixCommon:Name>VMRay Analyzer</stixCommon:Name>
                </stixCommon:Identity>
            </indicator:Producer>
        </stix:Indicator>
    </stix:Indicators>
    <stix:TTPs>
        <stix:TTP id="VMRayAnalyzer:ttp-e036a88b-ac8e-499e-ba8e-2d8984d1f3ba" timestamp="2018-05-02T13:29:35.120097+00:00" xsi:type='ttp:TTPType'>
            <ttp:Title>Anti Analysis</ttp:Title>
            <ttp:Description>VTI rule match with VTI rule score 5/5</ttp:Description>
            <ttp:Behavior>
                <ttp:Attack_Patterns>
                    <ttp:Attack_Pattern>
                        <ttp:Title>vmray_detect_virtualbox_by_registry</ttp:Title>
                        <ttp:Description>Possibly trying to detect VirtualBox via registry "HKEY_LOCAL_MACHINE\HARDWARE\ACPI\DSDT\VBOX__".</ttp:Description>
                        <ttp:Short_Description>Tries to detect virtual machine</ttp:Short_Description>
                    </ttp:Attack_Pattern>
                </ttp:Attack_Patterns>
            </ttp:Behavior>
        </stix:TTP>
        <stix:TTP id="VMRayAnalyzer:ttp-9eea42ae-7712-4c68-b75d-1ccea41f1e92" timestamp="2018-05-02T13:29:35.120442+00:00" xsi:type='ttp:TTPType'>
            <ttp:Title>Anti Analysis</ttp:Title>
            <ttp:Description>VTI rule match with VTI rule score 5/5</ttp:Description>
            <ttp:Behavior>
                <ttp:Attack_Patterns>
                    <ttp:Attack_Pattern>
                        <ttp:Title>vmray_detect_generic_vm_by_registry</ttp:Title>
                        <ttp:Description>Reads out system information, commonly used to detect VMs via registry. (Value "SystemBiosVersion" in key "HKEY_LOCAL_MACHINE\Hardware\description\System").</ttp:Description>
                        <ttp:Short_Description>Tries to detect virtual machine</ttp:Short_Description>
                    </ttp:Attack_Pattern>
                </ttp:Attack_Patterns>
            </ttp:Behavior>
        </stix:TTP>
        <stix:TTP id="VMRayAnalyzer:ttp-3a0bc369-0c0f-4621-bebe-3d043b7461bd" timestamp="2018-05-02T13:29:35.120808+00:00" xsi:type='ttp:TTPType'>
            <ttp:Title>Anti Analysis</ttp:Title>
            <ttp:Description>VTI rule match with VTI rule score 5/5</ttp:Description>
            <ttp:Behavior>
                <ttp:Attack_Patterns>
                    <ttp:Attack_Pattern>
                        <ttp:Title>vmray_detect_generic_vm_by_registry</ttp:Title>
                        <ttp:Description>Reads out system information, commonly used to detect VMs via registry. (Value "VideoBiosVersion" in key "HKEY_LOCAL_MACHINE\Hardware\description\System").</ttp:Description>
                        <ttp:Short_Description>Tries to detect virtual machine</ttp:Short_Description>
                    </ttp:Attack_Pattern>
                </ttp:Attack_Patterns>
            </ttp:Behavior>
        </stix:TTP>
        <stix:TTP id="VMRayAnalyzer:ttp-31fc8449-e99a-4cc1-87d7-155d37ab1b31" timestamp="2018-05-02T13:29:35.121066+00:00" xsi:type='ttp:TTPType'>
            <ttp:Title>Anti Analysis</ttp:Title>
            <ttp:Description>VTI rule match with VTI rule score 5/5</ttp:Description>
            <ttp:Behavior>
                <ttp:Attack_Patterns>
                    <ttp:Attack_Pattern>
                        <ttp:Title>vmray_evade_debugger_by_nt_set_information_thread</ttp:Title>
                        <ttp:Description>Hides Thread via API "NtSetInformationThread".</ttp:Description>
                        <ttp:Short_Description>Tries to evade debugger</ttp:Short_Description>
                    </ttp:Attack_Pattern>
                </ttp:Attack_Patterns>
            </ttp:Behavior>
        </stix:TTP>
        <stix:TTP id="VMRayAnalyzer:ttp-d1ce1b50-32f5-450f-b2a0-ca6613cacf34" timestamp="2018-05-02T13:29:35.121320+00:00" xsi:type='ttp:TTPType'>
            <ttp:Title>Process</ttp:Title>
            <ttp:Description>VTI rule match with VTI rule score 1/5</ttp:Description>
            <ttp:Behavior>
                <ttp:Attack_Patterns>
                    <ttp:Attack_Pattern>
                        <ttp:Title>vmray_install_ipc_endpoint</ttp:Title>
                        <ttp:Description>Creates mutex with name "Relatorio_Erros".</ttp:Description>
                        <ttp:Short_Description>Creates system object</ttp:Short_Description>
                    </ttp:Attack_Pattern>
                </ttp:Attack_Patterns>
            </ttp:Behavior>
        </stix:TTP>
        <stix:TTP id="VMRayAnalyzer:ttp-10294386-e6c4-4dee-89ca-1ea4dd943395" timestamp="2018-05-02T13:29:35.121574+00:00" xsi:type='ttp:TTPType'>
            <ttp:Title>Persistence</ttp:Title>
            <ttp:Description>VTI rule match with VTI rule score 4/5</ttp:Description>
            <ttp:Behavior>
                <ttp:Attack_Patterns>
                    <ttp:Attack_Pattern>
                        <ttp:Title>vmray_install_startup_script_by_registry</ttp:Title>
                        <ttp:Description>Adds ""C:\Users\CIiHmnxMn6Ps\AppData\Local\Relatorio_Erros\svchost.exe"" to Windows startup via registry.</ttp:Description>
                        <ttp:Short_Description>Installs system startup script or application</ttp:Short_Description>
                    </ttp:Attack_Pattern>
                </ttp:Attack_Patterns>
            </ttp:Behavior>
        </stix:TTP>
        <stix:TTP id="VMRayAnalyzer:ttp-45c740da-1839-4805-a676-16ae4d33f817" timestamp="2018-05-02T13:29:35.121821+00:00" xsi:type='ttp:TTPType'>
            <ttp:Title>Network</ttp:Title>
            <ttp:Description>VTI rule match with VTI rule score 2/5</ttp:Description>
            <ttp:Behavior>
                <ttp:Attack_Patterns>
                    <ttp:Attack_Pattern>
                        <ttp:Title>vmray_request_dns_by_name</ttp:Title>
                        <ttp:Description>Resolves host name "www.fuente-ovejuna.cz".</ttp:Description>
                        <ttp:Short_Description>Performs DNS request</ttp:Short_Description>
                    </ttp:Attack_Pattern>
                </ttp:Attack_Patterns>
            </ttp:Behavior>
        </stix:TTP>
        <stix:TTP id="VMRayAnalyzer:ttp-34452bda-9ee1-4771-a93c-2150b38c2812" timestamp="2018-05-02T13:29:35.122060+00:00" xsi:type='ttp:TTPType'>
            <ttp:Title>Process</ttp:Title>
            <ttp:Description>VTI rule match with VTI rule score 1/5</ttp:Description>
            <ttp:Behavior>
                <ttp:Attack_Patterns>
                    <ttp:Attack_Pattern>
                        <ttp:Title>vmray_overwrite_code</ttp:Title>
                        <ttp:Description>Overwrites code to possibly hide behavior.</ttp:Description>
                        <ttp:Short_Description>Overwrites code</ttp:Short_Description>
                    </ttp:Attack_Pattern>
                </ttp:Attack_Patterns>
            </ttp:Behavior>
        </stix:TTP>
        <stix:TTP id="VMRayAnalyzer:ttp-eb76f44f-f574-432d-8f47-7fb9303d6124" timestamp="2018-05-02T13:29:35.122304+00:00" xsi:type='ttp:TTPType'>
            <ttp:Title>File System</ttp:Title>
            <ttp:Description>VTI rule match with VTI rule score 2/5</ttp:Description>
            <ttp:Behavior>
                <ttp:Attack_Patterns>
                    <ttp:Attack_Pattern>
                        <ttp:Title>vmray_handle_with_suspicious_files</ttp:Title>
                        <ttp:Description>File "c:\users\ciihmnxmn6ps\desktop\Paquete_id345634563.PDF.js" is a known suspicious file.</ttp:Description>
                        <ttp:Short_Description>Associated with suspicious files</ttp:Short_Description>
                    </ttp:Attack_Pattern>
                </ttp:Attack_Patterns>
            </ttp:Behavior>
        </stix:TTP>
        <stix:TTP id="VMRayAnalyzer:ttp-f95622d6-e3a5-4692-8550-f6c006d40bbe" timestamp="2018-05-02T13:29:35.122553+00:00" xsi:type='ttp:TTPType'>
            <ttp:Title>Network</ttp:Title>
            <ttp:Description>VTI rule match with VTI rule score 2/5</ttp:Description>
            <ttp:Behavior>
                <ttp:Attack_Patterns>
                    <ttp:Attack_Pattern>
                        <ttp:Title>vmray_download_data_http_request</ttp:Title>
                        <ttp:Description>URL "https://www.wkc.co.id/heritage58.com/js/lib/inode.jpg".</ttp:Description>
                        <ttp:Short_Description>Downloads data</ttp:Short_Description>
                    </ttp:Attack_Pattern>
                </ttp:Attack_Patterns>
            </ttp:Behavior>
        </stix:TTP>
        <stix:TTP id="VMRayAnalyzer:ttp-0f45d135-dc64-4162-9293-be92f05b89c4" timestamp="2018-05-02T13:29:35.122838+00:00" xsi:type='ttp:TTPType'>
            <ttp:Title>Network</ttp:Title>
            <ttp:Description>VTI rule match with VTI rule score 2/5</ttp:Description>
            <ttp:Behavior>
                <ttp:Attack_Patterns>
                    <ttp:Attack_Pattern>
                        <ttp:Title>vmray_download_data_http_request</ttp:Title>
                        <ttp:Description>URL "www.fuente-ovejuna.cz/admin/includes/css.php".</ttp:Description>
                        <ttp:Short_Description>Downloads data</ttp:Short_Description>
                    </ttp:Attack_Pattern>
                </ttp:Attack_Patterns>
            </ttp:Behavior>
        </stix:TTP>
        <stix:TTP id="VMRayAnalyzer:ttp-1363e599-886b-4802-a101-95817a5aa96f" timestamp="2018-05-02T13:29:35.123141+00:00" xsi:type='ttp:TTPType'>
            <ttp:Title>Network</ttp:Title>
            <ttp:Description>VTI rule match with VTI rule score 2/5</ttp:Description>
            <ttp:Behavior>
                <ttp:Attack_Patterns>
                    <ttp:Attack_Pattern>
                        <ttp:Title>establish_http_connection</ttp:Title>
                        <ttp:Description>URL "https://www.wkc.co.id/heritage58.com/js/lib/inode.jpg".</ttp:Description>
                        <ttp:Short_Description>Connects to HTTP server</ttp:Short_Description>
                    </ttp:Attack_Pattern>
                </ttp:Attack_Patterns>
            </ttp:Behavior>
        </stix:TTP>
        <stix:TTP id="VMRayAnalyzer:ttp-66363dce-cc0b-44a9-b3a2-33b72d57e6aa" timestamp="2018-05-02T13:29:35.123388+00:00" xsi:type='ttp:TTPType'>
            <ttp:Title>Network</ttp:Title>
            <ttp:Description>VTI rule match with VTI rule score 2/5</ttp:Description>
            <ttp:Behavior>
                <ttp:Attack_Patterns>
                    <ttp:Attack_Pattern>
                        <ttp:Title>establish_http_connection</ttp:Title>
                        <ttp:Description>URL "www.fuente-ovejuna.cz/admin/includes/css.php".</ttp:Description>
                        <ttp:Short_Description>Connects to HTTP server</ttp:Short_Description>
                    </ttp:Attack_Pattern>
                </ttp:Attack_Patterns>
            </ttp:Behavior>
        </stix:TTP>
        <stix:TTP id="VMRayAnalyzer:ttp-d9a5c171-4277-4ced-9939-811ff3ccb8f7" timestamp="2018-05-02T13:29:35.123630+00:00" xsi:type='ttp:TTPType'>
            <ttp:Title>PE</ttp:Title>
            <ttp:Description>VTI rule match with VTI rule score 2/5</ttp:Description>
            <ttp:Behavior>
                <ttp:Attack_Patterns>
                    <ttp:Attack_Pattern>
                        <ttp:Title>vmray_drop_pe_file</ttp:Title>
                        <ttp:Description>Drops file "c:\users\ciihmnxmn6ps\appdata\local\nzpnpqiti\86976.exe".</ttp:Description>
                        <ttp:Short_Description>Drops PE file</ttp:Short_Description>
                    </ttp:Attack_Pattern>
                </ttp:Attack_Patterns>
            </ttp:Behavior>
        </stix:TTP>
        <stix:TTP id="VMRayAnalyzer:ttp-0d2d8724-2f69-4abd-b0b9-3bce206ac03b" timestamp="2018-05-02T13:29:35.123870+00:00" xsi:type='ttp:TTPType'>
            <ttp:Title>PE</ttp:Title>
            <ttp:Description>VTI rule match with VTI rule score 2/5</ttp:Description>
            <ttp:Behavior>
                <ttp:Attack_Patterns>
                    <ttp:Attack_Pattern>
                        <ttp:Title>vmray_drop_pe_file</ttp:Title>
                        <ttp:Description>Drops file "c:\users\ciihmnxmn6ps\appdata\local\relatorio_erros\sqlite3.dll".</ttp:Description>
                        <ttp:Short_Description>Drops PE file</ttp:Short_Description>
                    </ttp:Attack_Pattern>
                </ttp:Attack_Patterns>
            </ttp:Behavior>
        </stix:TTP>
        <stix:TTP id="VMRayAnalyzer:ttp-ffcd0346-99d4-4069-bbf2-d6ed0d89f95e" timestamp="2018-05-02T13:29:35.124106+00:00" xsi:type='ttp:TTPType'>
            <ttp:Title>PE</ttp:Title>
            <ttp:Description>VTI rule match with VTI rule score 4/5</ttp:Description>
            <ttp:Behavior>
                <ttp:Attack_Patterns>
                    <ttp:Attack_Pattern>
                        <ttp:Title>vmray_execute_dropped_pe_file</ttp:Title>
                        <ttp:Description>Executes dropped file "c:\users\ciihmnxmn6ps\appdata\local\nzpnpqiti\86976.exe".</ttp:Description>
                        <ttp:Short_Description>Executes dropped PE file</ttp:Short_Description>
                    </ttp:Attack_Pattern>
                </ttp:Attack_Patterns>
            </ttp:Behavior>
        </stix:TTP>
    </stix:TTPs>
</stix:STIX_Package>
