<stix:STIX_Package 
	xmlns:WinRegistryKeyObj="http://cybox.mitre.org/objects#WinRegistryKeyObject-2"
	xmlns:cyboxVocabs="http://cybox.mitre.org/default_vocabularies-2"
	xmlns:FileObj="http://cybox.mitre.org/objects#FileObject-2"
	xmlns:ProcessObj="http://cybox.mitre.org/objects#ProcessObject-2"
	xmlns:stixVocabs="http://stix.mitre.org/default_vocabularies-1"
	xmlns:CustomObj="http://cybox.mitre.org/objects#CustomObject-1"
	xmlns:cyboxCommon="http://cybox.mitre.org/common-2"
	xmlns:ttp="http://stix.mitre.org/TTP-1"
	xmlns:stix="http://stix.mitre.org/stix-1"
	xmlns:cybox="http://cybox.mitre.org/cybox-2"
	xmlns:indicator="http://stix.mitre.org/Indicator-2"
	xmlns:stixCommon="http://stix.mitre.org/common-1"
	xmlns:VMRayAnalyzer="http://vmray.com/analyzer"
	xmlns:xlink="http://www.w3.org/1999/xlink"
	xmlns:ds="http://www.w3.org/2000/09/xmldsig#"
	xmlns:xs="http://www.w3.org/2001/XMLSchema"
	xmlns:xsi="http://www.w3.org/2001/XMLSchema-instance"
	
	xsi:schemaLocation="http://cybox.mitre.org/objects#WinRegistryKeyObject-2 http://cybox.mitre.org/XMLSchema/objects/Win_Registry_Key/2.1/Win_Registry_Key_Object.xsd
	http://cybox.mitre.org/default_vocabularies-2 http://cybox.mitre.org/XMLSchema/default_vocabularies/2.1/cybox_default_vocabularies.xsd
	http://cybox.mitre.org/objects#FileObject-2 http://cybox.mitre.org/XMLSchema/objects/File/2.1/File_Object.xsd
	http://cybox.mitre.org/objects#ProcessObject-2 http://cybox.mitre.org/XMLSchema/objects/Process/2.1/Process_Object.xsd
	http://stix.mitre.org/default_vocabularies-1 http://stix.mitre.org/XMLSchema/default_vocabularies/1.2.0/stix_default_vocabularies.xsd
	http://cybox.mitre.org/objects#CustomObject-1 http://cybox.mitre.org/XMLSchema/objects/Custom/1.1/Custom_Object.xsd
	http://cybox.mitre.org/common-2 http://cybox.mitre.org/XMLSchema/common/2.1/cybox_common.xsd
	http://stix.mitre.org/TTP-1 http://stix.mitre.org/XMLSchema/ttp/1.2/ttp.xsd
	http://stix.mitre.org/stix-1 http://stix.mitre.org/XMLSchema/core/1.2/stix_core.xsd
	http://cybox.mitre.org/cybox-2 http://cybox.mitre.org/XMLSchema/core/2.1/cybox_core.xsd
	http://stix.mitre.org/Indicator-2 http://stix.mitre.org/XMLSchema/indicator/2.2/indicator.xsd
	http://stix.mitre.org/common-1 http://stix.mitre.org/XMLSchema/common/1.2/stix_common.xsd" id="VMRayAnalyzer:Package-bb8aa41b-67eb-4c2b-843e-64d23a93a527" version="1.2">
    <stix:STIX_Header>
        <stix:Title>VMRay Analyzer Report for Sample #671069</stix:Title>
        <stix:Information_Source>
            <stixCommon:Tools>
                <cyboxCommon:Tool>
                    <cyboxCommon:Name>VMRay Analyzer</cyboxCommon:Name>
                    <cyboxCommon:Version>3.2.2</cyboxCommon:Version>
                </cyboxCommon:Tool>
            </stixCommon:Tools>
        </stix:Information_Source>
    </stix:STIX_Header>
    <stix:Observables cybox_major_version="2" cybox_minor_version="1" cybox_update_version="0">
        <cybox:Observable id="VMRayAnalyzer:Observable-2ccf7416-0bf5-48e0-b044-f078e6b15a3c">
            <cybox:Title>Process</cybox:Title>
            <cybox:Object id="VMRayAnalyzer:Process-9d701637-cb42-4be0-9f64-39dc0b3bbdc3">
                <cybox:Properties xsi:type="ProcessObj:ProcessObjectType">
                    <cyboxCommon:Custom_Properties>
                        <cyboxCommon:Property name="monitored_id">1</cyboxCommon:Property>
                    </cyboxCommon:Custom_Properties>
                    <ProcessObj:PID>4896</ProcessObj:PID>
                    <ProcessObj:Name>winword.exe</ProcessObj:Name>
                    <ProcessObj:Parent_PID>1984</ProcessObj:Parent_PID>
                    <ProcessObj:Image_Info>
                        <ProcessObj:File_Name>winword.exe</ProcessObj:File_Name>
                        <ProcessObj:Command_Line>"C:\Program Files\Microsoft Office\Root\Office16\WINWORD.EXE" /n</ProcessObj:Command_Line>
                        <ProcessObj:Current_Directory>C:\Users\FD1HVy\Desktop\</ProcessObj:Current_Directory>
                        <ProcessObj:Path>c:\program files\microsoft office\root\office16\winword.exe</ProcessObj:Path>
                    </ProcessObj:Image_Info>
                </cybox:Properties>
                <cybox:Related_Objects>
                    <cybox:Related_Object idref="VMRayAnalyzer:Process-c5654cb8-6ebb-4c4b-a20d-b714751dbddd">
                        <cybox:Relationship xsi:type="cyboxVocabs:ObjectRelationshipVocab-1.1">Child_Of</cybox:Relationship>
                    </cybox:Related_Object>
                    <cybox:Related_Object idref="VMRayAnalyzer:Process-9d701637-cb42-4be0-9f64-39dc0b3bbdc3">
                        <cybox:Relationship xsi:type="cyboxVocabs:ObjectRelationshipVocab-1.1">Created</cybox:Relationship>
                    </cybox:Related_Object>
                    <cybox:Related_Object idref="VMRayAnalyzer:WinRegistryKey-bec4a072-c17c-43ff-8583-c015ac2e9cda">
                        <cybox:Relationship xsi:type="cyboxVocabs:ObjectRelationshipVocab-1.1">Opened</cybox:Relationship>
                    </cybox:Related_Object>
                    <cybox:Related_Object idref="VMRayAnalyzer:WinRegistryKey-9d7d01c2-6b68-41bf-a4d8-7618b38acff5">
                        <cybox:Relationship xsi:type="cyboxVocabs:ObjectRelationshipVocab-1.1">Opened</cybox:Relationship>
                    </cybox:Related_Object>
                    <cybox:Related_Object idref="VMRayAnalyzer:WinRegistryKey-07e011cd-fe39-41c3-a4bc-262ea7e4f111">
                        <cybox:Relationship xsi:type="cyboxVocabs:ObjectRelationshipVocab-1.1">Opened</cybox:Relationship>
                    </cybox:Related_Object>
                    <cybox:Related_Object idref="VMRayAnalyzer:WinRegistryKey-b8cfc86a-833c-4396-a24f-0e4815fa4b6b">
                        <cybox:Relationship xsi:type="cyboxVocabs:ObjectRelationshipVocab-1.1">Opened</cybox:Relationship>
                    </cybox:Related_Object>
                    <cybox:Related_Object idref="VMRayAnalyzer:WinRegistryKey-100e638e-32f1-42a0-a32a-119566a101a7">
                        <cybox:Relationship xsi:type="cyboxVocabs:ObjectRelationshipVocab-1.1">Opened</cybox:Relationship>
                    </cybox:Related_Object>
                    <cybox:Related_Object idref="VMRayAnalyzer:WinRegistryKey-4ff00d17-9204-4691-bb6e-2427cd5d0f1b">
                        <cybox:Relationship xsi:type="cyboxVocabs:ObjectRelationshipVocab-1.1">Opened</cybox:Relationship>
                    </cybox:Related_Object>
                    <cybox:Related_Object idref="VMRayAnalyzer:WinRegistryKey-18adb04e-93eb-4ab8-ba0f-ed664fd2108e">
                        <cybox:Relationship xsi:type="cyboxVocabs:ObjectRelationshipVocab-1.1">Opened</cybox:Relationship>
                    </cybox:Related_Object>
                    <cybox:Related_Object idref="VMRayAnalyzer:WinRegistryKey-aca2bd14-1769-4d7e-8cb8-8ac1e23071d0">
                        <cybox:Relationship xsi:type="cyboxVocabs:ObjectRelationshipVocab-1.1">Opened</cybox:Relationship>
                    </cybox:Related_Object>
                    <cybox:Related_Object idref="VMRayAnalyzer:WinRegistryKey-0271b5f9-78d7-45ca-ba95-2d2200884957">
                        <cybox:Relationship xsi:type="cyboxVocabs:ObjectRelationshipVocab-1.1">Opened</cybox:Relationship>
                    </cybox:Related_Object>
                    <cybox:Related_Object idref="VMRayAnalyzer:WinRegistryKey-8db84fa6-4e99-45cd-a29f-100538ef8b2f">
                        <cybox:Relationship xsi:type="cyboxVocabs:ObjectRelationshipVocab-1.1">Opened</cybox:Relationship>
                    </cybox:Related_Object>
                    <cybox:Related_Object idref="VMRayAnalyzer:WinRegistryKey-4bd734d7-ac9f-4a1c-a727-c57cfc5a83fa">
                        <cybox:Relationship xsi:type="cyboxVocabs:ObjectRelationshipVocab-1.1">Opened</cybox:Relationship>
                    </cybox:Related_Object>
                    <cybox:Related_Object idref="VMRayAnalyzer:WinRegistryKey-60657d28-8dfc-4e33-82e7-056a488c7edd">
                        <cybox:Relationship xsi:type="cyboxVocabs:ObjectRelationshipVocab-1.1">Opened</cybox:Relationship>
                    </cybox:Related_Object>
                    <cybox:Related_Object idref="VMRayAnalyzer:WinRegistryKey-3974a052-36f2-43be-af24-f34b0103eb6d">
                        <cybox:Relationship xsi:type="cyboxVocabs:ObjectRelationshipVocab-1.1">Opened</cybox:Relationship>
                    </cybox:Related_Object>
                    <cybox:Related_Object idref="VMRayAnalyzer:WinRegistryKey-d63cbcd3-7d11-4d04-95ac-c4de4aa790a8">
                        <cybox:Relationship xsi:type="cyboxVocabs:ObjectRelationshipVocab-1.1">Opened</cybox:Relationship>
                    </cybox:Related_Object>
                    <cybox:Related_Object idref="VMRayAnalyzer:WinRegistryKey-d08287f9-4bdd-40ae-a00d-57c7a495e4d7">
                        <cybox:Relationship xsi:type="cyboxVocabs:ObjectRelationshipVocab-1.1">Opened</cybox:Relationship>
                    </cybox:Related_Object>
                    <cybox:Related_Object idref="VMRayAnalyzer:WinRegistryKey-0dd7049b-81c2-4798-8b63-4e3918c3b91c">
                        <cybox:Relationship xsi:type="cyboxVocabs:ObjectRelationshipVocab-1.1">Opened</cybox:Relationship>
                    </cybox:Related_Object>
                    <cybox:Related_Object idref="VMRayAnalyzer:WinRegistryKey-32246036-73d9-49db-9279-47049372cd47">
                        <cybox:Relationship xsi:type="cyboxVocabs:ObjectRelationshipVocab-1.1">Opened</cybox:Relationship>
                    </cybox:Related_Object>
                    <cybox:Related_Object idref="VMRayAnalyzer:WinRegistryKey-5e5d7208-900f-4dc5-8cb2-8ffa850e36d7">
                        <cybox:Relationship xsi:type="cyboxVocabs:ObjectRelationshipVocab-1.1">Opened</cybox:Relationship>
                    </cybox:Related_Object>
                    <cybox:Related_Object idref="VMRayAnalyzer:WinRegistryKey-4e59af26-fdab-41fa-a7aa-0a3ac7cfb7ab">
                        <cybox:Relationship xsi:type="cyboxVocabs:ObjectRelationshipVocab-1.1">Opened</cybox:Relationship>
                    </cybox:Related_Object>
                    <cybox:Related_Object idref="VMRayAnalyzer:WinRegistryKey-fb39e06d-4a2a-4f32-bf23-6e89bfa03f13">
                        <cybox:Relationship xsi:type="cyboxVocabs:ObjectRelationshipVocab-1.1">Opened</cybox:Relationship>
                    </cybox:Related_Object>
                    <cybox:Related_Object idref="VMRayAnalyzer:WinRegistryKey-c9bd4b93-7fea-4359-a207-37b000df59e7">
                        <cybox:Relationship xsi:type="cyboxVocabs:ObjectRelationshipVocab-1.1">Opened</cybox:Relationship>
                    </cybox:Related_Object>
                    <cybox:Related_Object idref="VMRayAnalyzer:WinRegistryKey-e8d70298-31e7-405e-9451-91e8abc23e85">
                        <cybox:Relationship xsi:type="cyboxVocabs:ObjectRelationshipVocab-1.1">Opened</cybox:Relationship>
                    </cybox:Related_Object>
                    <cybox:Related_Object idref="VMRayAnalyzer:WinRegistryKey-e853b23f-4fa7-49b3-b538-60c779c2e913">
                        <cybox:Relationship xsi:type="cyboxVocabs:ObjectRelationshipVocab-1.1">Opened</cybox:Relationship>
                    </cybox:Related_Object>
                    <cybox:Related_Object idref="VMRayAnalyzer:WinRegistryKey-bd2eb3d2-c7b0-48da-b6c2-22383489fdd6">
                        <cybox:Relationship xsi:type="cyboxVocabs:ObjectRelationshipVocab-1.1">Opened</cybox:Relationship>
                    </cybox:Related_Object>
                    <cybox:Related_Object idref="VMRayAnalyzer:WinRegistryKey-3eba5c01-c95d-44ea-9e69-44b2bd098b86">
                        <cybox:Relationship xsi:type="cyboxVocabs:ObjectRelationshipVocab-1.1">Opened</cybox:Relationship>
                    </cybox:Related_Object>
                    <cybox:Related_Object idref="VMRayAnalyzer:WinRegistryKey-0a2f3797-7d47-4cce-9d97-90b9e22d1fff">
                        <cybox:Relationship xsi:type="cyboxVocabs:ObjectRelationshipVocab-1.1">Opened</cybox:Relationship>
                    </cybox:Related_Object>
                    <cybox:Related_Object idref="VMRayAnalyzer:WinRegistryKey-6f112cde-0cd8-411d-b48f-caf21027117c">
                        <cybox:Relationship xsi:type="cyboxVocabs:ObjectRelationshipVocab-1.1">Opened</cybox:Relationship>
                    </cybox:Related_Object>
                    <cybox:Related_Object idref="VMRayAnalyzer:WinRegistryKey-9b16997a-42c5-4de6-b48d-11a3af708366">
                        <cybox:Relationship xsi:type="cyboxVocabs:ObjectRelationshipVocab-1.1">Opened</cybox:Relationship>
                    </cybox:Related_Object>
                    <cybox:Related_Object idref="VMRayAnalyzer:WinRegistryKey-1c453c96-35ad-4430-80ee-8a12201285df">
                        <cybox:Relationship xsi:type="cyboxVocabs:ObjectRelationshipVocab-1.1">Opened</cybox:Relationship>
                    </cybox:Related_Object>
                    <cybox:Related_Object idref="VMRayAnalyzer:WinRegistryKey-d99978f3-99b7-4719-ba8a-60b59a28f08e">
                        <cybox:Relationship xsi:type="cyboxVocabs:ObjectRelationshipVocab-1.1">Opened</cybox:Relationship>
                    </cybox:Related_Object>
                    <cybox:Related_Object idref="VMRayAnalyzer:WinRegistryKey-c602bae3-06df-40ec-a117-ff007327f7a9">
                        <cybox:Relationship xsi:type="cyboxVocabs:ObjectRelationshipVocab-1.1">Opened</cybox:Relationship>
                    </cybox:Related_Object>
                    <cybox:Related_Object idref="VMRayAnalyzer:WinRegistryKey-4026a544-4981-475b-a20d-5c2fc6747809">
                        <cybox:Relationship xsi:type="cyboxVocabs:ObjectRelationshipVocab-1.1">Opened</cybox:Relationship>
                    </cybox:Related_Object>
                    <cybox:Related_Object idref="VMRayAnalyzer:WinRegistryKey-4e17e3ef-59ae-4c7e-b356-7a1ebc9ab9aa">
                        <cybox:Relationship xsi:type="cyboxVocabs:ObjectRelationshipVocab-1.1">Opened</cybox:Relationship>
                    </cybox:Related_Object>
                    <cybox:Related_Object idref="VMRayAnalyzer:WinRegistryKey-e29408da-d007-450e-b6af-0efa8784ee55">
                        <cybox:Relationship xsi:type="cyboxVocabs:ObjectRelationshipVocab-1.1">Opened</cybox:Relationship>
                    </cybox:Related_Object>
                    <cybox:Related_Object idref="VMRayAnalyzer:WinRegistryKey-c6702e35-2c24-43be-beec-b172dceae98f">
                        <cybox:Relationship xsi:type="cyboxVocabs:ObjectRelationshipVocab-1.1">Opened</cybox:Relationship>
                    </cybox:Related_Object>
                    <cybox:Related_Object idref="VMRayAnalyzer:WinRegistryKey-ba96e631-09bc-4704-b53f-8193a4188a1c">
                        <cybox:Relationship xsi:type="cyboxVocabs:ObjectRelationshipVocab-1.1">Opened</cybox:Relationship>
                    </cybox:Related_Object>
                </cybox:Related_Objects>
            </cybox:Object>
        </cybox:Observable>
        <cybox:Observable id="VMRayAnalyzer:Observable-b6e1f7c2-cc32-41cf-a335-438ccbb942e2">
            <cybox:Title>Process</cybox:Title>
            <cybox:Object id="VMRayAnalyzer:Process-c5654cb8-6ebb-4c4b-a20d-b714751dbddd">
                <cybox:Properties xsi:type="ProcessObj:ProcessObjectType">
                    <cyboxCommon:Custom_Properties>
                        <cyboxCommon:Property name="monitored_id">3</cyboxCommon:Property>
                    </cyboxCommon:Custom_Properties>
                    <ProcessObj:PID>1320</ProcessObj:PID>
                    <ProcessObj:Name>cmd.exe</ProcessObj:Name>
                    <ProcessObj:Parent_PID>4896</ProcessObj:Parent_PID>
                    <ProcessObj:Image_Info>
                        <ProcessObj:File_Name>cmd.exe</ProcessObj:File_Name>
                        <ProcessObj:Command_Line>cmd /c copy C:\Users\FD1HVy\Desktop\VPIyNbbmtoYiYfrB.doc C:\Users\Public\docer.doc</ProcessObj:Command_Line>
                        <ProcessObj:Current_Directory>C:\Users\FD1HVy\Documents\</ProcessObj:Current_Directory>
                        <ProcessObj:Path>c:\windows\system32\cmd.exe</ProcessObj:Path>
                    </ProcessObj:Image_Info>
                </cybox:Properties>
                <cybox:Related_Objects>
                    <cybox:Related_Object idref="VMRayAnalyzer:WinRegistryKey-e3dc1369-9c80-433f-9103-8720e912c86a">
                        <cybox:Relationship xsi:type="cyboxVocabs:ObjectRelationshipVocab-1.1">Opened</cybox:Relationship>
                    </cybox:Related_Object>
                    <cybox:Related_Object idref="VMRayAnalyzer:WinRegistryKey-65df2579-cf38-4358-918e-591852ed10a6">
                        <cybox:Relationship xsi:type="cyboxVocabs:ObjectRelationshipVocab-1.1">Opened</cybox:Relationship>
                    </cybox:Related_Object>
                    <cybox:Related_Object idref="VMRayAnalyzer:WinRegistryKey-b1f75b61-e1bb-4940-8d79-2c0f02c57767">
                        <cybox:Relationship xsi:type="cyboxVocabs:ObjectRelationshipVocab-1.1">Opened</cybox:Relationship>
                    </cybox:Related_Object>
                </cybox:Related_Objects>
            </cybox:Object>
        </cybox:Observable>
        <cybox:Observable id="VMRayAnalyzer:Observable-ee0e0a87-ee30-4230-b8ec-393420df539e">
            <cybox:Title>WinRegistryKey</cybox:Title>
            <cybox:Object id="VMRayAnalyzer:WinRegistryKey-bec4a072-c17c-43ff-8583-c015ac2e9cda">
                <cybox:Properties xsi:type="WinRegistryKeyObj:WindowsRegistryKeyObjectType">
                    <WinRegistryKeyObj:Key>Licenses</WinRegistryKeyObj:Key>
                    <WinRegistryKeyObj:Hive>HKEY_CLASSES_ROOT</WinRegistryKeyObj:Hive>
                </cybox:Properties>
            </cybox:Object>
        </cybox:Observable>
        <cybox:Observable id="VMRayAnalyzer:Observable-8c603dcc-ef6e-4fdd-9317-da08d4841095">
            <cybox:Title>WinRegistryKey</cybox:Title>
            <cybox:Object id="VMRayAnalyzer:WinRegistryKey-9d7d01c2-6b68-41bf-a4d8-7618b38acff5">
                <cybox:Properties xsi:type="WinRegistryKeyObj:WindowsRegistryKeyObjectType">
                    <WinRegistryKeyObj:Key>Software\Microsoft\VBA\7.1\Common</WinRegistryKeyObj:Key>
                    <WinRegistryKeyObj:Hive>HKEY_CURRENT_USER</WinRegistryKeyObj:Hive>
                    <WinRegistryKeyObj:Values>
                        <WinRegistryKeyObj:Value>
                            <WinRegistryKeyObj:Name>VbaCapability</WinRegistryKeyObj:Name>
                        </WinRegistryKeyObj:Value>
                    </WinRegistryKeyObj:Values>
                </cybox:Properties>
            </cybox:Object>
        </cybox:Observable>
        <cybox:Observable id="VMRayAnalyzer:Observable-e760ad36-b049-4369-8b36-4e82d4730af7">
            <cybox:Title>WinRegistryKey</cybox:Title>
            <cybox:Object id="VMRayAnalyzer:WinRegistryKey-07e011cd-fe39-41c3-a4bc-262ea7e4f111">
                <cybox:Properties xsi:type="WinRegistryKeyObj:WindowsRegistryKeyObjectType">
                    <WinRegistryKeyObj:Key>TypeLib</WinRegistryKeyObj:Key>
                    <WinRegistryKeyObj:Hive>HKEY_CLASSES_ROOT</WinRegistryKeyObj:Hive>
                </cybox:Properties>
            </cybox:Object>
        </cybox:Observable>
        <cybox:Observable id="VMRayAnalyzer:Observable-817e9e47-a2d1-4c34-a8e2-f8bb85a3b6ba">
            <cybox:Title>WinRegistryKey</cybox:Title>
            <cybox:Object id="VMRayAnalyzer:WinRegistryKey-b8cfc86a-833c-4396-a24f-0e4815fa4b6b">
                <cybox:Properties xsi:type="WinRegistryKeyObj:WindowsRegistryKeyObjectType">
                    <WinRegistryKeyObj:Key>TypeLib\{00020905-0000-0000-C000-000000000046}</WinRegistryKeyObj:Key>
                    <WinRegistryKeyObj:Hive>HKEY_CLASSES_ROOT</WinRegistryKeyObj:Hive>
                </cybox:Properties>
            </cybox:Object>
        </cybox:Observable>
        <cybox:Observable id="VMRayAnalyzer:Observable-1f02eb6b-cf66-4bed-892b-63f0367b32e0">
            <cybox:Title>WinRegistryKey</cybox:Title>
            <cybox:Object id="VMRayAnalyzer:WinRegistryKey-100e638e-32f1-42a0-a32a-119566a101a7">
                <cybox:Properties xsi:type="WinRegistryKeyObj:WindowsRegistryKeyObjectType">
                    <WinRegistryKeyObj:Key>TypeLib\{00020905-0000-0000-C000-000000000046}\8.7</WinRegistryKeyObj:Key>
                    <WinRegistryKeyObj:Hive>HKEY_CLASSES_ROOT</WinRegistryKeyObj:Hive>
                </cybox:Properties>
            </cybox:Object>
        </cybox:Observable>
        <cybox:Observable id="VMRayAnalyzer:Observable-019c3c96-a6d9-436a-a257-0ca401785695">
            <cybox:Title>WinRegistryKey</cybox:Title>
            <cybox:Object id="VMRayAnalyzer:WinRegistryKey-4ff00d17-9204-4691-bb6e-2427cd5d0f1b">
                <cybox:Properties xsi:type="WinRegistryKeyObj:WindowsRegistryKeyObjectType">
                    <WinRegistryKeyObj:Key>TypeLib\{00020905-0000-0000-C000-000000000046}\8.7\409</WinRegistryKeyObj:Key>
                    <WinRegistryKeyObj:Hive>HKEY_CLASSES_ROOT</WinRegistryKeyObj:Hive>
                </cybox:Properties>
            </cybox:Object>
        </cybox:Observable>
        <cybox:Observable id="VMRayAnalyzer:Observable-d39dce47-9922-47e1-8940-bf23a7c65521">
            <cybox:Title>WinRegistryKey</cybox:Title>
            <cybox:Object id="VMRayAnalyzer:WinRegistryKey-18adb04e-93eb-4ab8-ba0f-ed664fd2108e">
                <cybox:Properties xsi:type="WinRegistryKeyObj:WindowsRegistryKeyObjectType">
                    <WinRegistryKeyObj:Key>TypeLib\{00020905-0000-0000-C000-000000000046}\8.7\9</WinRegistryKeyObj:Key>
                    <WinRegistryKeyObj:Hive>HKEY_CLASSES_ROOT</WinRegistryKeyObj:Hive>
                </cybox:Properties>
            </cybox:Object>
        </cybox:Observable>
        <cybox:Observable id="VMRayAnalyzer:Observable-9cd35bd1-9177-46a1-a6d7-25db439b366f">
            <cybox:Title>WinRegistryKey</cybox:Title>
            <cybox:Object id="VMRayAnalyzer:WinRegistryKey-aca2bd14-1769-4d7e-8cb8-8ac1e23071d0">
                <cybox:Properties xsi:type="WinRegistryKeyObj:WindowsRegistryKeyObjectType">
                    <WinRegistryKeyObj:Key>TypeLib\{00020905-0000-0000-C000-000000000046}\8.7\0</WinRegistryKeyObj:Key>
                    <WinRegistryKeyObj:Hive>HKEY_CLASSES_ROOT</WinRegistryKeyObj:Hive>
                </cybox:Properties>
            </cybox:Object>
        </cybox:Observable>
        <cybox:Observable id="VMRayAnalyzer:Observable-65c3b747-286f-4658-b9e2-3110205aa332">
            <cybox:Title>WinRegistryKey</cybox:Title>
            <cybox:Object id="VMRayAnalyzer:WinRegistryKey-0271b5f9-78d7-45ca-ba95-2d2200884957">
                <cybox:Properties xsi:type="WinRegistryKeyObj:WindowsRegistryKeyObjectType">
                    <WinRegistryKeyObj:Key>TypeLib\{00020905-0000-0000-C000-000000000046}\8.7\0\win64</WinRegistryKeyObj:Key>
                    <WinRegistryKeyObj:Hive>HKEY_CLASSES_ROOT</WinRegistryKeyObj:Hive>
                </cybox:Properties>
            </cybox:Object>
        </cybox:Observable>
        <cybox:Observable id="VMRayAnalyzer:Observable-a633c655-642d-441d-a412-aff833940882">
            <cybox:Title>WinRegistryKey</cybox:Title>
            <cybox:Object id="VMRayAnalyzer:WinRegistryKey-8db84fa6-4e99-45cd-a29f-100538ef8b2f">
                <cybox:Properties xsi:type="WinRegistryKeyObj:WindowsRegistryKeyObjectType">
                    <WinRegistryKeyObj:Key>TypeLib\{00020905-0000-0000-C000-000000000046}\8.7\0</WinRegistryKeyObj:Key>
                    <WinRegistryKeyObj:Hive>HKEY_CLASSES_ROOT</WinRegistryKeyObj:Hive>
                </cybox:Properties>
            </cybox:Object>
        </cybox:Observable>
        <cybox:Observable id="VMRayAnalyzer:Observable-8976f365-86c6-40ef-bd0e-89e81a91def7">
            <cybox:Title>WinRegistryKey</cybox:Title>
            <cybox:Object id="VMRayAnalyzer:WinRegistryKey-4bd734d7-ac9f-4a1c-a727-c57cfc5a83fa">
                <cybox:Properties xsi:type="WinRegistryKeyObj:WindowsRegistryKeyObjectType">
                    <WinRegistryKeyObj:Key>TypeLib</WinRegistryKeyObj:Key>
                    <WinRegistryKeyObj:Hive>HKEY_CLASSES_ROOT</WinRegistryKeyObj:Hive>
                </cybox:Properties>
            </cybox:Object>
        </cybox:Observable>
        <cybox:Observable id="VMRayAnalyzer:Observable-0a2fe72a-5ac8-4794-b365-a67a8de5e491">
            <cybox:Title>WinRegistryKey</cybox:Title>
            <cybox:Object id="VMRayAnalyzer:WinRegistryKey-60657d28-8dfc-4e33-82e7-056a488c7edd">
                <cybox:Properties xsi:type="WinRegistryKeyObj:WindowsRegistryKeyObjectType">
                    <WinRegistryKeyObj:Key>TypeLib\{00020430-0000-0000-C000-000000000046}</WinRegistryKeyObj:Key>
                    <WinRegistryKeyObj:Hive>HKEY_CLASSES_ROOT</WinRegistryKeyObj:Hive>
                </cybox:Properties>
            </cybox:Object>
        </cybox:Observable>
        <cybox:Observable id="VMRayAnalyzer:Observable-23ca161b-f671-4ffd-9419-9417f3852950">
            <cybox:Title>WinRegistryKey</cybox:Title>
            <cybox:Object id="VMRayAnalyzer:WinRegistryKey-3974a052-36f2-43be-af24-f34b0103eb6d">
                <cybox:Properties xsi:type="WinRegistryKeyObj:WindowsRegistryKeyObjectType">
                    <WinRegistryKeyObj:Key>TypeLib\{00020430-0000-0000-C000-000000000046}\2.0</WinRegistryKeyObj:Key>
                    <WinRegistryKeyObj:Hive>HKEY_CLASSES_ROOT</WinRegistryKeyObj:Hive>
                </cybox:Properties>
            </cybox:Object>
        </cybox:Observable>
        <cybox:Observable id="VMRayAnalyzer:Observable-1430fe74-467c-4219-ae32-ad7128fcc8c0">
            <cybox:Title>WinRegistryKey</cybox:Title>
            <cybox:Object id="VMRayAnalyzer:WinRegistryKey-d63cbcd3-7d11-4d04-95ac-c4de4aa790a8">
                <cybox:Properties xsi:type="WinRegistryKeyObj:WindowsRegistryKeyObjectType">
                    <WinRegistryKeyObj:Key>TypeLib\{00020430-0000-0000-C000-000000000046}\2.0\0</WinRegistryKeyObj:Key>
                    <WinRegistryKeyObj:Hive>HKEY_CLASSES_ROOT</WinRegistryKeyObj:Hive>
                </cybox:Properties>
            </cybox:Object>
        </cybox:Observable>
        <cybox:Observable id="VMRayAnalyzer:Observable-98f4e3a3-1892-4d92-b4fe-92ba0e5ee9f5">
            <cybox:Title>WinRegistryKey</cybox:Title>
            <cybox:Object id="VMRayAnalyzer:WinRegistryKey-d08287f9-4bdd-40ae-a00d-57c7a495e4d7">
                <cybox:Properties xsi:type="WinRegistryKeyObj:WindowsRegistryKeyObjectType">
                    <WinRegistryKeyObj:Key>TypeLib\{00020430-0000-0000-C000-000000000046}\2.0\0\win64</WinRegistryKeyObj:Key>
                    <WinRegistryKeyObj:Hive>HKEY_CLASSES_ROOT</WinRegistryKeyObj:Hive>
                </cybox:Properties>
            </cybox:Object>
        </cybox:Observable>
        <cybox:Observable id="VMRayAnalyzer:Observable-c4fd79a9-6553-4493-8947-492da8c6911c">
            <cybox:Title>WinRegistryKey</cybox:Title>
            <cybox:Object id="VMRayAnalyzer:WinRegistryKey-0dd7049b-81c2-4798-8b63-4e3918c3b91c">
                <cybox:Properties xsi:type="WinRegistryKeyObj:WindowsRegistryKeyObjectType">
                    <WinRegistryKeyObj:Key>TypeLib\{2DF8D04C-5BFA-101B-BDE5-00AA0044DE52}</WinRegistryKeyObj:Key>
                    <WinRegistryKeyObj:Hive>HKEY_CLASSES_ROOT</WinRegistryKeyObj:Hive>
                </cybox:Properties>
            </cybox:Object>
        </cybox:Observable>
        <cybox:Observable id="VMRayAnalyzer:Observable-dda32e95-e965-49d5-9d8b-ca4b31ed5749">
            <cybox:Title>WinRegistryKey</cybox:Title>
            <cybox:Object id="VMRayAnalyzer:WinRegistryKey-32246036-73d9-49db-9279-47049372cd47">
                <cybox:Properties xsi:type="WinRegistryKeyObj:WindowsRegistryKeyObjectType">
                    <WinRegistryKeyObj:Key>TypeLib\{2DF8D04C-5BFA-101B-BDE5-00AA0044DE52}\2.8</WinRegistryKeyObj:Key>
                    <WinRegistryKeyObj:Hive>HKEY_CLASSES_ROOT</WinRegistryKeyObj:Hive>
                </cybox:Properties>
            </cybox:Object>
        </cybox:Observable>
        <cybox:Observable id="VMRayAnalyzer:Observable-036a914f-af8b-49e0-8bac-86bd8998e677">
            <cybox:Title>WinRegistryKey</cybox:Title>
            <cybox:Object id="VMRayAnalyzer:WinRegistryKey-5e5d7208-900f-4dc5-8cb2-8ffa850e36d7">
                <cybox:Properties xsi:type="WinRegistryKeyObj:WindowsRegistryKeyObjectType">
                    <WinRegistryKeyObj:Key>TypeLib\{2DF8D04C-5BFA-101B-BDE5-00AA0044DE52}\2.8\0</WinRegistryKeyObj:Key>
                    <WinRegistryKeyObj:Hive>HKEY_CLASSES_ROOT</WinRegistryKeyObj:Hive>
                </cybox:Properties>
            </cybox:Object>
        </cybox:Observable>
        <cybox:Observable id="VMRayAnalyzer:Observable-9a894b52-c8ae-4131-be60-d9a27990d960">
            <cybox:Title>WinRegistryKey</cybox:Title>
            <cybox:Object id="VMRayAnalyzer:WinRegistryKey-4e59af26-fdab-41fa-a7aa-0a3ac7cfb7ab">
                <cybox:Properties xsi:type="WinRegistryKeyObj:WindowsRegistryKeyObjectType">
                    <WinRegistryKeyObj:Key>TypeLib\{2DF8D04C-5BFA-101B-BDE5-00AA0044DE52}\2.8\0\win64</WinRegistryKeyObj:Key>
                    <WinRegistryKeyObj:Hive>HKEY_CLASSES_ROOT</WinRegistryKeyObj:Hive>
                </cybox:Properties>
            </cybox:Object>
        </cybox:Observable>
        <cybox:Observable id="VMRayAnalyzer:Observable-72ef84ae-92be-4baf-a0b5-d744edac5c02">
            <cybox:Title>WinRegistryKey</cybox:Title>
            <cybox:Object id="VMRayAnalyzer:WinRegistryKey-fb39e06d-4a2a-4f32-bf23-6e89bfa03f13">
                <cybox:Properties xsi:type="WinRegistryKeyObj:WindowsRegistryKeyObjectType">
                    <WinRegistryKeyObj:Key>TypeLib\{2DF8D04C-5BFA-101B-BDE5-00AA0044DE52}\2.8\0</WinRegistryKeyObj:Key>
                    <WinRegistryKeyObj:Hive>HKEY_CLASSES_ROOT</WinRegistryKeyObj:Hive>
                </cybox:Properties>
            </cybox:Object>
        </cybox:Observable>
        <cybox:Observable id="VMRayAnalyzer:Observable-6b3e0afe-cb00-4800-88cd-668275f76019">
            <cybox:Title>WinRegistryKey</cybox:Title>
            <cybox:Object id="VMRayAnalyzer:WinRegistryKey-c9bd4b93-7fea-4359-a207-37b000df59e7">
                <cybox:Properties xsi:type="WinRegistryKeyObj:WindowsRegistryKeyObjectType">
                    <WinRegistryKeyObj:Key>TypeLib</WinRegistryKeyObj:Key>
                    <WinRegistryKeyObj:Hive>HKEY_CLASSES_ROOT</WinRegistryKeyObj:Hive>
                </cybox:Properties>
            </cybox:Object>
        </cybox:Observable>
        <cybox:Observable id="VMRayAnalyzer:Observable-6874064f-5170-4c29-b58b-d34145e8e14a">
            <cybox:Title>WinRegistryKey</cybox:Title>
            <cybox:Object id="VMRayAnalyzer:WinRegistryKey-e8d70298-31e7-405e-9451-91e8abc23e85">
                <cybox:Properties xsi:type="WinRegistryKeyObj:WindowsRegistryKeyObjectType">
                    <WinRegistryKeyObj:Key>TypeLib\{00020905-0000-0000-C000-000000000046}</WinRegistryKeyObj:Key>
                    <WinRegistryKeyObj:Hive>HKEY_CLASSES_ROOT</WinRegistryKeyObj:Hive>
                </cybox:Properties>
            </cybox:Object>
        </cybox:Observable>
        <cybox:Observable id="VMRayAnalyzer:Observable-50fefb82-1735-4dde-a47f-8567d4255c15">
            <cybox:Title>WinRegistryKey</cybox:Title>
            <cybox:Object id="VMRayAnalyzer:WinRegistryKey-e853b23f-4fa7-49b3-b538-60c779c2e913">
                <cybox:Properties xsi:type="WinRegistryKeyObj:WindowsRegistryKeyObjectType">
                    <WinRegistryKeyObj:Key>TypeLib\{00020905-0000-0000-C000-000000000046}\8.7</WinRegistryKeyObj:Key>
                    <WinRegistryKeyObj:Hive>HKEY_CLASSES_ROOT</WinRegistryKeyObj:Hive>
                </cybox:Properties>
            </cybox:Object>
        </cybox:Observable>
        <cybox:Observable id="VMRayAnalyzer:Observable-222a872c-bde7-41cc-925b-9b0a72a00a9a">
            <cybox:Title>WinRegistryKey</cybox:Title>
            <cybox:Object id="VMRayAnalyzer:WinRegistryKey-bd2eb3d2-c7b0-48da-b6c2-22383489fdd6">
                <cybox:Properties xsi:type="WinRegistryKeyObj:WindowsRegistryKeyObjectType">
                    <WinRegistryKeyObj:Key>TypeLib\{00020905-0000-0000-C000-000000000046}\8.7\0</WinRegistryKeyObj:Key>
                    <WinRegistryKeyObj:Hive>HKEY_CLASSES_ROOT</WinRegistryKeyObj:Hive>
                </cybox:Properties>
            </cybox:Object>
        </cybox:Observable>
        <cybox:Observable id="VMRayAnalyzer:Observable-f57fd66e-40f5-4776-b824-7c7dac97bc32">
            <cybox:Title>WinRegistryKey</cybox:Title>
            <cybox:Object id="VMRayAnalyzer:WinRegistryKey-3eba5c01-c95d-44ea-9e69-44b2bd098b86">
                <cybox:Properties xsi:type="WinRegistryKeyObj:WindowsRegistryKeyObjectType">
                    <WinRegistryKeyObj:Key>TypeLib\{00020905-0000-0000-C000-000000000046}\8.7\0\win64</WinRegistryKeyObj:Key>
                    <WinRegistryKeyObj:Hive>HKEY_CLASSES_ROOT</WinRegistryKeyObj:Hive>
                </cybox:Properties>
            </cybox:Object>
        </cybox:Observable>
        <cybox:Observable id="VMRayAnalyzer:Observable-70cb4d50-1049-4c46-98e1-683e3473c706">
            <cybox:Title>WinRegistryKey</cybox:Title>
            <cybox:Object id="VMRayAnalyzer:WinRegistryKey-0a2f3797-7d47-4cce-9d97-90b9e22d1fff">
                <cybox:Properties xsi:type="WinRegistryKeyObj:WindowsRegistryKeyObjectType">
                    <WinRegistryKeyObj:Key>TypeLib\{00020905-0000-0000-C000-000000000046}\8.7\0</WinRegistryKeyObj:Key>
                    <WinRegistryKeyObj:Hive>HKEY_CLASSES_ROOT</WinRegistryKeyObj:Hive>
                </cybox:Properties>
            </cybox:Object>
        </cybox:Observable>
        <cybox:Observable id="VMRayAnalyzer:Observable-9c3940b5-4b6c-49d8-a5af-e156428705b4">
            <cybox:Title>WinRegistryKey</cybox:Title>
            <cybox:Object id="VMRayAnalyzer:WinRegistryKey-6f112cde-0cd8-411d-b48f-caf21027117c">
                <cybox:Properties xsi:type="WinRegistryKeyObj:WindowsRegistryKeyObjectType">
                    <WinRegistryKeyObj:Key>Software\Microsoft\VBA\7.1\Common</WinRegistryKeyObj:Key>
                    <WinRegistryKeyObj:Hive>HKEY_CURRENT_USER</WinRegistryKeyObj:Hive>
                    <WinRegistryKeyObj:Values>
                        <WinRegistryKeyObj:Value>
                            <WinRegistryKeyObj:Name>VbaCapability</WinRegistryKeyObj:Name>
                        </WinRegistryKeyObj:Value>
                    </WinRegistryKeyObj:Values>
                </cybox:Properties>
            </cybox:Object>
        </cybox:Observable>
        <cybox:Observable id="VMRayAnalyzer:Observable-41b48d67-0e39-4f3b-bfce-7ace0092adf7">
            <cybox:Title>WinRegistryKey</cybox:Title>
            <cybox:Object id="VMRayAnalyzer:WinRegistryKey-9b16997a-42c5-4de6-b48d-11a3af708366">
                <cybox:Properties xsi:type="WinRegistryKeyObj:WindowsRegistryKeyObjectType">
                    <WinRegistryKeyObj:Key>Software\Microsoft\Windows</WinRegistryKeyObj:Key>
                    <WinRegistryKeyObj:Hive>HKEY_LOCAL_MACHINE</WinRegistryKeyObj:Hive>
                </cybox:Properties>
            </cybox:Object>
        </cybox:Observable>
        <cybox:Observable id="VMRayAnalyzer:Observable-4199999f-5f66-40d6-acb8-968f0e7a3a6d">
            <cybox:Title>WinRegistryKey</cybox:Title>
            <cybox:Object id="VMRayAnalyzer:WinRegistryKey-1c453c96-35ad-4430-80ee-8a12201285df">
                <cybox:Properties xsi:type="WinRegistryKeyObj:WindowsRegistryKeyObjectType">
                    <WinRegistryKeyObj:Key>Software\Microsoft\Windows\HTML Help</WinRegistryKeyObj:Key>
                    <WinRegistryKeyObj:Hive>HKEY_LOCAL_MACHINE</WinRegistryKeyObj:Hive>
                    <WinRegistryKeyObj:Values>
                        <WinRegistryKeyObj:Value>
                            <WinRegistryKeyObj:Name>VbLR6.chm</WinRegistryKeyObj:Name>
                        </WinRegistryKeyObj:Value>
                    </WinRegistryKeyObj:Values>
                </cybox:Properties>
            </cybox:Object>
        </cybox:Observable>
        <cybox:Observable id="VMRayAnalyzer:Observable-1d1dee53-199b-4545-8d9a-faa133b11820">
            <cybox:Title>WinRegistryKey</cybox:Title>
            <cybox:Object id="VMRayAnalyzer:WinRegistryKey-d99978f3-99b7-4719-ba8a-60b59a28f08e">
                <cybox:Properties xsi:type="WinRegistryKeyObj:WindowsRegistryKeyObjectType">
                    <WinRegistryKeyObj:Key>Software\Microsoft\Windows</WinRegistryKeyObj:Key>
                    <WinRegistryKeyObj:Hive>HKEY_LOCAL_MACHINE</WinRegistryKeyObj:Hive>
                </cybox:Properties>
            </cybox:Object>
        </cybox:Observable>
        <cybox:Observable id="VMRayAnalyzer:Observable-a0690c0d-2077-4810-9051-91968d02fcbb">
            <cybox:Title>WinRegistryKey</cybox:Title>
            <cybox:Object id="VMRayAnalyzer:WinRegistryKey-c602bae3-06df-40ec-a117-ff007327f7a9">
                <cybox:Properties xsi:type="WinRegistryKeyObj:WindowsRegistryKeyObjectType">
                    <WinRegistryKeyObj:Key>Software\Microsoft\Windows\Help</WinRegistryKeyObj:Key>
                    <WinRegistryKeyObj:Hive>HKEY_LOCAL_MACHINE</WinRegistryKeyObj:Hive>
                    <WinRegistryKeyObj:Values>
                        <WinRegistryKeyObj:Value>
                            <WinRegistryKeyObj:Name>VbLR6.chm</WinRegistryKeyObj:Name>
                        </WinRegistryKeyObj:Value>
                    </WinRegistryKeyObj:Values>
                </cybox:Properties>
            </cybox:Object>
        </cybox:Observable>
        <cybox:Observable id="VMRayAnalyzer:Observable-9ad734de-39fb-4968-a6e6-1f4fba0bbc4f">
            <cybox:Title>WinRegistryKey</cybox:Title>
            <cybox:Object id="VMRayAnalyzer:WinRegistryKey-4026a544-4981-475b-a20d-5c2fc6747809">
                <cybox:Properties xsi:type="WinRegistryKeyObj:WindowsRegistryKeyObjectType">
                    <WinRegistryKeyObj:Key>Licenses\8804558B-B773-11d1-BC3E-0000F87552E7</WinRegistryKeyObj:Key>
                    <WinRegistryKeyObj:Hive>HKEY_CLASSES_ROOT</WinRegistryKeyObj:Hive>
                </cybox:Properties>
            </cybox:Object>
        </cybox:Observable>
        <cybox:Observable id="VMRayAnalyzer:Observable-c64a02ca-edf2-487f-9ff5-d7dc5a34ed4b">
            <cybox:Title>WinRegistryKey</cybox:Title>
            <cybox:Object id="VMRayAnalyzer:WinRegistryKey-4e17e3ef-59ae-4c7e-b356-7a1ebc9ab9aa">
                <cybox:Properties xsi:type="WinRegistryKeyObj:WindowsRegistryKeyObjectType">
                    <WinRegistryKeyObj:Key>Software\Microsoft\VBA\7.1\Common</WinRegistryKeyObj:Key>
                    <WinRegistryKeyObj:Hive>HKEY_CURRENT_USER</WinRegistryKeyObj:Hive>
                    <WinRegistryKeyObj:Values>
                        <WinRegistryKeyObj:Value>
                            <WinRegistryKeyObj:Name>RequireDeclaration</WinRegistryKeyObj:Name>
                        </WinRegistryKeyObj:Value>
                        <WinRegistryKeyObj:Value>
                            <WinRegistryKeyObj:Name>CompileOnDemand</WinRegistryKeyObj:Name>
                        </WinRegistryKeyObj:Value>
                        <WinRegistryKeyObj:Value>
                            <WinRegistryKeyObj:Name>NotifyUserBeforeStateLoss</WinRegistryKeyObj:Name>
                        </WinRegistryKeyObj:Value>
                        <WinRegistryKeyObj:Value>
                            <WinRegistryKeyObj:Name>BackGroundCompile</WinRegistryKeyObj:Name>
                        </WinRegistryKeyObj:Value>
                        <WinRegistryKeyObj:Value>
                            <WinRegistryKeyObj:Name>BreakOnAllErrors</WinRegistryKeyObj:Name>
                        </WinRegistryKeyObj:Value>
                        <WinRegistryKeyObj:Value>
                            <WinRegistryKeyObj:Name>BreakOnServerErrors</WinRegistryKeyObj:Name>
                        </WinRegistryKeyObj:Value>
                    </WinRegistryKeyObj:Values>
                </cybox:Properties>
            </cybox:Object>
        </cybox:Observable>
        <cybox:Observable id="VMRayAnalyzer:Observable-04ad0dba-71a5-49b1-8fd2-b4c5309684a5">
            <cybox:Title>WinRegistryKey</cybox:Title>
            <cybox:Object id="VMRayAnalyzer:WinRegistryKey-e29408da-d007-450e-b6af-0efa8784ee55">
                <cybox:Properties xsi:type="WinRegistryKeyObj:WindowsRegistryKeyObjectType">
                    <WinRegistryKeyObj:Key>TypeLib\{00020905-0000-0000-C000-000000000046}\8.7\0\win64</WinRegistryKeyObj:Key>
                    <WinRegistryKeyObj:Hive>HKEY_CLASSES_ROOT</WinRegistryKeyObj:Hive>
                </cybox:Properties>
            </cybox:Object>
        </cybox:Observable>
        <cybox:Observable id="VMRayAnalyzer:Observable-db6e6a28-baa5-40a4-a27a-4f851f7ebc88">
            <cybox:Title>WinRegistryKey</cybox:Title>
            <cybox:Object id="VMRayAnalyzer:WinRegistryKey-c6702e35-2c24-43be-beec-b172dceae98f">
                <cybox:Properties xsi:type="WinRegistryKeyObj:WindowsRegistryKeyObjectType">
                    <WinRegistryKeyObj:Key>TypeLib\{00020430-0000-0000-C000-000000000046}\2.0\0\win64</WinRegistryKeyObj:Key>
                    <WinRegistryKeyObj:Hive>HKEY_CLASSES_ROOT</WinRegistryKeyObj:Hive>
                </cybox:Properties>
            </cybox:Object>
        </cybox:Observable>
        <cybox:Observable id="VMRayAnalyzer:Observable-ab1a8c79-1cb4-4e13-9d85-527aa935f77e">
            <cybox:Title>WinRegistryKey</cybox:Title>
            <cybox:Object id="VMRayAnalyzer:WinRegistryKey-ba96e631-09bc-4704-b53f-8193a4188a1c">
                <cybox:Properties xsi:type="WinRegistryKeyObj:WindowsRegistryKeyObjectType">
                    <WinRegistryKeyObj:Key>TypeLib\{2DF8D04C-5BFA-101B-BDE5-00AA0044DE52}\2.8\0\win64</WinRegistryKeyObj:Key>
                    <WinRegistryKeyObj:Hive>HKEY_CLASSES_ROOT</WinRegistryKeyObj:Hive>
                </cybox:Properties>
            </cybox:Object>
        </cybox:Observable>
        <cybox:Observable id="VMRayAnalyzer:Observable-ddfb98d2-c73c-4996-8697-248151bce32f">
            <cybox:Title>WinRegistryKey</cybox:Title>
            <cybox:Object id="VMRayAnalyzer:WinRegistryKey-e3dc1369-9c80-433f-9103-8720e912c86a">
                <cybox:Properties xsi:type="WinRegistryKeyObj:WindowsRegistryKeyObjectType">
                    <WinRegistryKeyObj:Key>Software\Policies\Microsoft\Windows\System</WinRegistryKeyObj:Key>
                    <WinRegistryKeyObj:Hive>HKEY_CURRENT_USER</WinRegistryKeyObj:Hive>
                </cybox:Properties>
            </cybox:Object>
        </cybox:Observable>
        <cybox:Observable id="VMRayAnalyzer:Observable-b858c32f-e699-4b8c-b892-902a7194ec6e">
            <cybox:Title>WinRegistryKey</cybox:Title>
            <cybox:Object id="VMRayAnalyzer:WinRegistryKey-65df2579-cf38-4358-918e-591852ed10a6">
                <cybox:Properties xsi:type="WinRegistryKeyObj:WindowsRegistryKeyObjectType">
                    <WinRegistryKeyObj:Key>Software\Microsoft\Command Processor</WinRegistryKeyObj:Key>
                    <WinRegistryKeyObj:Hive>HKEY_LOCAL_MACHINE</WinRegistryKeyObj:Hive>
                    <WinRegistryKeyObj:Values>
                        <WinRegistryKeyObj:Value>
                            <WinRegistryKeyObj:Name>DisableUNCCheck</WinRegistryKeyObj:Name>
                        </WinRegistryKeyObj:Value>
                        <WinRegistryKeyObj:Value>
                            <WinRegistryKeyObj:Name>EnableExtensions</WinRegistryKeyObj:Name>
                        </WinRegistryKeyObj:Value>
                        <WinRegistryKeyObj:Value>
                            <WinRegistryKeyObj:Name>DelayedExpansion</WinRegistryKeyObj:Name>
                        </WinRegistryKeyObj:Value>
                        <WinRegistryKeyObj:Value>
                            <WinRegistryKeyObj:Name>DefaultColor</WinRegistryKeyObj:Name>
                        </WinRegistryKeyObj:Value>
                        <WinRegistryKeyObj:Value>
                            <WinRegistryKeyObj:Name>CompletionChar</WinRegistryKeyObj:Name>
                        </WinRegistryKeyObj:Value>
                        <WinRegistryKeyObj:Value>
                            <WinRegistryKeyObj:Name>PathCompletionChar</WinRegistryKeyObj:Name>
                        </WinRegistryKeyObj:Value>
                        <WinRegistryKeyObj:Value>
                            <WinRegistryKeyObj:Name>AutoRun</WinRegistryKeyObj:Name>
                        </WinRegistryKeyObj:Value>
                    </WinRegistryKeyObj:Values>
                </cybox:Properties>
            </cybox:Object>
        </cybox:Observable>
        <cybox:Observable id="VMRayAnalyzer:Observable-bb6ff013-6569-4f73-b6a2-daa3f6a1bf8d">
            <cybox:Title>WinRegistryKey</cybox:Title>
            <cybox:Object id="VMRayAnalyzer:WinRegistryKey-b1f75b61-e1bb-4940-8d79-2c0f02c57767">
                <cybox:Properties xsi:type="WinRegistryKeyObj:WindowsRegistryKeyObjectType">
                    <WinRegistryKeyObj:Key>Software\Microsoft\Command Processor</WinRegistryKeyObj:Key>
                    <WinRegistryKeyObj:Hive>HKEY_CURRENT_USER</WinRegistryKeyObj:Hive>
                    <WinRegistryKeyObj:Values>
                        <WinRegistryKeyObj:Value>
                            <WinRegistryKeyObj:Name>DisableUNCCheck</WinRegistryKeyObj:Name>
                        </WinRegistryKeyObj:Value>
                        <WinRegistryKeyObj:Value>
                            <WinRegistryKeyObj:Name>EnableExtensions</WinRegistryKeyObj:Name>
                        </WinRegistryKeyObj:Value>
                        <WinRegistryKeyObj:Value>
                            <WinRegistryKeyObj:Name>DelayedExpansion</WinRegistryKeyObj:Name>
                        </WinRegistryKeyObj:Value>
                        <WinRegistryKeyObj:Value>
                            <WinRegistryKeyObj:Name>DefaultColor</WinRegistryKeyObj:Name>
                        </WinRegistryKeyObj:Value>
                        <WinRegistryKeyObj:Value>
                            <WinRegistryKeyObj:Name>CompletionChar</WinRegistryKeyObj:Name>
                        </WinRegistryKeyObj:Value>
                        <WinRegistryKeyObj:Value>
                            <WinRegistryKeyObj:Name>PathCompletionChar</WinRegistryKeyObj:Name>
                        </WinRegistryKeyObj:Value>
                        <WinRegistryKeyObj:Value>
                            <WinRegistryKeyObj:Name>AutoRun</WinRegistryKeyObj:Name>
                        </WinRegistryKeyObj:Value>
                    </WinRegistryKeyObj:Values>
                </cybox:Properties>
            </cybox:Object>
        </cybox:Observable>
    </stix:Observables>
    <stix:Indicators>
        <stix:Indicator id="VMRayAnalyzer:indicator-ca2b3a98-205a-453a-83c6-cd6a3ba4e3af" timestamp="2020-04-15T11:08:59.555367+00:00" xsi:type='indicator:IndicatorType'>
            <indicator:Title>Analyzed Sample #671069</indicator:Title>
            <indicator:Type xsi:type="stixVocabs:IndicatorTypeVocab-1.1">Malware Artifacts</indicator:Type>
            <indicator:Alternative_ID>671069</indicator:Alternative_ID>
            <indicator:Alternative_ID>Sample-ID: #671069</indicator:Alternative_ID>
            <indicator:Alternative_ID>Job-ID: #1771499</indicator:Alternative_ID>
            <indicator:Short_Description>This sample was analyzed by VMRay Analyzer 3.2.2 on a Windows 10 Redstone 2 system</indicator:Short_Description>
            <indicator:Observable id="VMRayAnalyzer:Observable-f02a5330-3316-480e-91ec-a6409e380d0f">
                <cybox:Observable_Composition operator="AND">
                    <cybox:Observable idref="VMRayAnalyzer:Observable-2ccf7416-0bf5-48e0-b044-f078e6b15a3c">
                    </cybox:Observable>
                    <cybox:Observable idref="VMRayAnalyzer:Observable-b6e1f7c2-cc32-41cf-a335-438ccbb942e2">
                    </cybox:Observable>
                    <cybox:Observable idref="VMRayAnalyzer:Observable-ee0e0a87-ee30-4230-b8ec-393420df539e">
                    </cybox:Observable>
                    <cybox:Observable idref="VMRayAnalyzer:Observable-8c603dcc-ef6e-4fdd-9317-da08d4841095">
                    </cybox:Observable>
                    <cybox:Observable idref="VMRayAnalyzer:Observable-e760ad36-b049-4369-8b36-4e82d4730af7">
                    </cybox:Observable>
                    <cybox:Observable idref="VMRayAnalyzer:Observable-817e9e47-a2d1-4c34-a8e2-f8bb85a3b6ba">
                    </cybox:Observable>
                    <cybox:Observable idref="VMRayAnalyzer:Observable-1f02eb6b-cf66-4bed-892b-63f0367b32e0">
                    </cybox:Observable>
                    <cybox:Observable idref="VMRayAnalyzer:Observable-019c3c96-a6d9-436a-a257-0ca401785695">
                    </cybox:Observable>
                    <cybox:Observable idref="VMRayAnalyzer:Observable-d39dce47-9922-47e1-8940-bf23a7c65521">
                    </cybox:Observable>
                    <cybox:Observable idref="VMRayAnalyzer:Observable-9cd35bd1-9177-46a1-a6d7-25db439b366f">
                    </cybox:Observable>
                    <cybox:Observable idref="VMRayAnalyzer:Observable-65c3b747-286f-4658-b9e2-3110205aa332">
                    </cybox:Observable>
                    <cybox:Observable idref="VMRayAnalyzer:Observable-a633c655-642d-441d-a412-aff833940882">
                    </cybox:Observable>
                    <cybox:Observable idref="VMRayAnalyzer:Observable-8976f365-86c6-40ef-bd0e-89e81a91def7">
                    </cybox:Observable>
                    <cybox:Observable idref="VMRayAnalyzer:Observable-0a2fe72a-5ac8-4794-b365-a67a8de5e491">
                    </cybox:Observable>
                    <cybox:Observable idref="VMRayAnalyzer:Observable-23ca161b-f671-4ffd-9419-9417f3852950">
                    </cybox:Observable>
                    <cybox:Observable idref="VMRayAnalyzer:Observable-1430fe74-467c-4219-ae32-ad7128fcc8c0">
                    </cybox:Observable>
                    <cybox:Observable idref="VMRayAnalyzer:Observable-98f4e3a3-1892-4d92-b4fe-92ba0e5ee9f5">
                    </cybox:Observable>
                    <cybox:Observable idref="VMRayAnalyzer:Observable-c4fd79a9-6553-4493-8947-492da8c6911c">
                    </cybox:Observable>
                    <cybox:Observable idref="VMRayAnalyzer:Observable-dda32e95-e965-49d5-9d8b-ca4b31ed5749">
                    </cybox:Observable>
                    <cybox:Observable idref="VMRayAnalyzer:Observable-036a914f-af8b-49e0-8bac-86bd8998e677">
                    </cybox:Observable>
                    <cybox:Observable idref="VMRayAnalyzer:Observable-9a894b52-c8ae-4131-be60-d9a27990d960">
                    </cybox:Observable>
                    <cybox:Observable idref="VMRayAnalyzer:Observable-72ef84ae-92be-4baf-a0b5-d744edac5c02">
                    </cybox:Observable>
                    <cybox:Observable idref="VMRayAnalyzer:Observable-6b3e0afe-cb00-4800-88cd-668275f76019">
                    </cybox:Observable>
                    <cybox:Observable idref="VMRayAnalyzer:Observable-6874064f-5170-4c29-b58b-d34145e8e14a">
                    </cybox:Observable>
                    <cybox:Observable idref="VMRayAnalyzer:Observable-50fefb82-1735-4dde-a47f-8567d4255c15">
                    </cybox:Observable>
                    <cybox:Observable idref="VMRayAnalyzer:Observable-222a872c-bde7-41cc-925b-9b0a72a00a9a">
                    </cybox:Observable>
                    <cybox:Observable idref="VMRayAnalyzer:Observable-f57fd66e-40f5-4776-b824-7c7dac97bc32">
                    </cybox:Observable>
                    <cybox:Observable idref="VMRayAnalyzer:Observable-70cb4d50-1049-4c46-98e1-683e3473c706">
                    </cybox:Observable>
                    <cybox:Observable idref="VMRayAnalyzer:Observable-9c3940b5-4b6c-49d8-a5af-e156428705b4">
                    </cybox:Observable>
                    <cybox:Observable idref="VMRayAnalyzer:Observable-41b48d67-0e39-4f3b-bfce-7ace0092adf7">
                    </cybox:Observable>
                    <cybox:Observable idref="VMRayAnalyzer:Observable-4199999f-5f66-40d6-acb8-968f0e7a3a6d">
                    </cybox:Observable>
                    <cybox:Observable idref="VMRayAnalyzer:Observable-1d1dee53-199b-4545-8d9a-faa133b11820">
                    </cybox:Observable>
                    <cybox:Observable idref="VMRayAnalyzer:Observable-a0690c0d-2077-4810-9051-91968d02fcbb">
                    </cybox:Observable>
                    <cybox:Observable idref="VMRayAnalyzer:Observable-9ad734de-39fb-4968-a6e6-1f4fba0bbc4f">
                    </cybox:Observable>
                    <cybox:Observable idref="VMRayAnalyzer:Observable-c64a02ca-edf2-487f-9ff5-d7dc5a34ed4b">
                    </cybox:Observable>
                    <cybox:Observable idref="VMRayAnalyzer:Observable-04ad0dba-71a5-49b1-8fd2-b4c5309684a5">
                    </cybox:Observable>
                    <cybox:Observable idref="VMRayAnalyzer:Observable-db6e6a28-baa5-40a4-a27a-4f851f7ebc88">
                    </cybox:Observable>
                    <cybox:Observable idref="VMRayAnalyzer:Observable-ab1a8c79-1cb4-4e13-9d85-527aa935f77e">
                    </cybox:Observable>
                    <cybox:Observable idref="VMRayAnalyzer:Observable-ddfb98d2-c73c-4996-8697-248151bce32f">
                    </cybox:Observable>
                    <cybox:Observable idref="VMRayAnalyzer:Observable-b858c32f-e699-4b8c-b892-902a7194ec6e">
                    </cybox:Observable>
                    <cybox:Observable idref="VMRayAnalyzer:Observable-bb6ff013-6569-4f73-b6a2-daa3f6a1bf8d">
                    </cybox:Observable>
                </cybox:Observable_Composition>
            </indicator:Observable>
            <indicator:Indicated_TTP>
                <stixCommon:TTP idref="VMRayAnalyzer:ttp-c0aa44ca-c926-46ba-80c5-98f3452f2f3d" timestamp="2020-04-15T11:08:59.562694+00:00" xsi:type='ttp:TTPType'/>
            </indicator:Indicated_TTP>
            <indicator:Indicated_TTP>
                <stixCommon:TTP idref="VMRayAnalyzer:ttp-61572582-f4ad-4a66-a6af-131369445151" timestamp="2020-04-15T11:08:59.564056+00:00" xsi:type='ttp:TTPType'/>
            </indicator:Indicated_TTP>
            <indicator:Indicated_TTP>
                <stixCommon:TTP idref="VMRayAnalyzer:ttp-e0768530-a598-4f45-bf00-e156dfba3a56" timestamp="2020-04-15T11:08:59.564282+00:00" xsi:type='ttp:TTPType'/>
            </indicator:Indicated_TTP>
            <indicator:Indicated_TTP>
                <stixCommon:TTP idref="VMRayAnalyzer:ttp-d75c65f2-480a-455c-9048-f3be28628cf0" timestamp="2020-04-15T11:08:59.564609+00:00" xsi:type='ttp:TTPType'/>
            </indicator:Indicated_TTP>
            <indicator:Indicated_TTP>
                <stixCommon:TTP idref="VMRayAnalyzer:ttp-c8ff362c-e958-47a0-8c08-c6b0ee197369" timestamp="2020-04-15T11:08:59.564813+00:00" xsi:type='ttp:TTPType'/>
            </indicator:Indicated_TTP>
            <indicator:Indicated_TTP>
                <stixCommon:TTP idref="VMRayAnalyzer:ttp-7d71bede-ed06-43f9-b369-b605f8376957" timestamp="2020-04-15T11:08:59.565024+00:00" xsi:type='ttp:TTPType'/>
            </indicator:Indicated_TTP>
            <indicator:Indicated_TTP>
                <stixCommon:TTP idref="VMRayAnalyzer:ttp-70b2aa67-d3de-4580-8f4d-2a027121d622" timestamp="2020-04-15T11:08:59.565204+00:00" xsi:type='ttp:TTPType'/>
            </indicator:Indicated_TTP>
            <indicator:Indicated_TTP>
                <stixCommon:TTP idref="VMRayAnalyzer:ttp-8b629af4-8892-4fa3-b789-ba453d73a85e" timestamp="2020-04-15T11:08:59.565381+00:00" xsi:type='ttp:TTPType'/>
            </indicator:Indicated_TTP>
            <indicator:Indicated_TTP>
                <stixCommon:TTP idref="VMRayAnalyzer:ttp-03f09b52-cb5b-4a94-a079-5a21e678ad13" timestamp="2020-04-15T11:08:59.565608+00:00" xsi:type='ttp:TTPType'/>
            </indicator:Indicated_TTP>
            <indicator:Likely_Impact timestamp="2020-04-15T11:08:59.565797+00:00">
                <stixCommon:Value>100</stixCommon:Value>
                <stixCommon:Description>VTI Score based on VTI Database Version 3.6</stixCommon:Description>
            </indicator:Likely_Impact>
            <indicator:Related_Indicators>
                <indicator:Related_Indicator>
                    <stixCommon:Indicator id="VMRayAnalyzer:indicator-58bf75a2-1061-43ba-a84a-de44daf35660" timestamp="2020-04-15T11:08:59.561666+00:00" xsi:type='indicator:IndicatorType'>
                        <indicator:Title>Metadata of Sample File #671069</indicator:Title>
                        <indicator:Alternative_ID>Submission-ID: #4052292</indicator:Alternative_ID>
                        <indicator:Observable id="VMRayAnalyzer:Observable-2640f8cd-0dbe-44fe-a9ec-405ba2e9e784">
                            <cybox:Object id="VMRayAnalyzer:File-5de62450-fef2-47e6-9f8e-da355760eccf">
                                <cybox:Properties xsi:type="FileObj:FileObjectType">
                                    <FileObj:File_Name>a703dc8819dca1bc5774de3b6151c355606e7fe93c760b56bc09bcb6f928ba2ddoc</FileObj:File_Name>
                                    <FileObj:File_Extension/>
                                    <FileObj:Hashes>
                                        <cyboxCommon:Hash>
                                            <cyboxCommon:Type>MD5</cyboxCommon:Type>
                                            <cyboxCommon:Simple_Hash_Value>ba1618a981f755eb752aa5dc90bd70a4</cyboxCommon:Simple_Hash_Value>
                                        </cyboxCommon:Hash>
                                        <cyboxCommon:Hash>
                                            <cyboxCommon:Type>SHA1</cyboxCommon:Type>
                                            <cyboxCommon:Simple_Hash_Value>a3b6e33901ffc15d15e2f3abae98c6da48727454</cyboxCommon:Simple_Hash_Value>
                                        </cyboxCommon:Hash>
                                        <cyboxCommon:Hash>
                                            <cyboxCommon:Type>SHA256</cyboxCommon:Type>
                                            <cyboxCommon:Simple_Hash_Value>a703dc8819dca1bc5774de3b6151c355606e7fe93c760b56bc09bcb6f928ba2d</cyboxCommon:Simple_Hash_Value>
                                        </cyboxCommon:Hash>
                                    </FileObj:Hashes>
                                </cybox:Properties>
                                <cybox:Related_Objects>
                                    <cybox:Related_Object idref="VMRayAnalyzer:Process-9d701637-cb42-4be0-9f64-39dc0b3bbdc3">
                                        <cybox:Relationship xsi:type="cyboxVocabs:ObjectRelationshipVocab-1.1">Opened_By</cybox:Relationship>
                                    </cybox:Related_Object>
                                </cybox:Related_Objects>
                            </cybox:Object>
                        </indicator:Observable>
                    </stixCommon:Indicator>
                </indicator:Related_Indicator>
                <indicator:Related_Indicator>
                    <stixCommon:Indicator id="VMRayAnalyzer:indicator-d79e9a8b-f814-4d65-9b85-ba91ea02b01d" timestamp="2020-04-15T11:08:59.562005+00:00" xsi:type='indicator:IndicatorType'>
                        <indicator:Title>Metadata of Analysis for Job-ID #1771499</indicator:Title>
                        <indicator:Observable id="VMRayAnalyzer:Observable-d0ff7a67-24d5-425a-a577-2392d587fb4a">
                            <cybox:Object id="VMRayAnalyzer:Custom-9a7a16eb-8eae-491e-8784-427528c93930">
                                <cybox:Properties xsi:type="CustomObj:CustomObjectType" custom_name="VMRayAnalyzer:AnalysisMetadataType">
                                    <cyboxCommon:Custom_Properties>
                                        <cyboxCommon:Property name="Cybox Truncated">False</cyboxCommon:Property>
                                        <cyboxCommon:Property name="Termination Reason">Timeout</cyboxCommon:Property>
                                        <cyboxCommon:Property name="Execution Successful">True</cyboxCommon:Property>
                                        <cyboxCommon:Property name="VM Analysis Duration Time">252.795</cyboxCommon:Property>
                                        <cyboxCommon:Property name="VM Computer Name">NQDPDE</cyboxCommon:Property>
                                        <cyboxCommon:Property name="VM Name">win10_64_rs2_japanese</cyboxCommon:Property>
                                        <cyboxCommon:Property name="VM Architecture">x86 64-bit</cyboxCommon:Property>
                                        <cyboxCommon:Property name="VM OS">Windows 10 Redstone 2</cyboxCommon:Property>
                                        <cyboxCommon:Property name="VM Kernel Version">10.0.15063.540 (f6f48955-5489-4b24-b4df-942361f0730d)</cyboxCommon:Property>
                                        <cyboxCommon:Property name="VM Username">FD1HVy</cyboxCommon:Property>
                                        <cyboxCommon:Property name="VM User Domain">NQDPDE</cyboxCommon:Property>
                                    </cyboxCommon:Custom_Properties>
                                    <CustomObj:Description>This is a property collection for additional information of VMRay analysis</CustomObj:Description>
                                </cybox:Properties>
                            </cybox:Object>
                        </indicator:Observable>
                    </stixCommon:Indicator>
                </indicator:Related_Indicator>
            </indicator:Related_Indicators>
            <indicator:Producer>
                <stixCommon:Identity>
                    <stixCommon:Name>VMRay Analyzer</stixCommon:Name>
                </stixCommon:Identity>
            </indicator:Producer>
        </stix:Indicator>
    </stix:Indicators>
    <stix:TTPs>
        <stix:TTP id="VMRayAnalyzer:ttp-c0aa44ca-c926-46ba-80c5-98f3452f2f3d" timestamp="2020-04-15T11:08:59.562694+00:00" xsi:type='ttp:TTPType'>
            <ttp:Title>Execution</ttp:Title>
            <ttp:Description>VTI rule match with VTI rule score 4/5</ttp:Description>
            <ttp:Behavior>
                <ttp:Attack_Patterns>
                    <ttp:Attack_Pattern>
                        <ttp:Title>vmray_document_creates_process</ttp:Title>
                        <ttp:Description>Document creates process "cmd".</ttp:Description>
                        <ttp:Short_Description>Document tries to create process</ttp:Short_Description>
                    </ttp:Attack_Pattern>
                </ttp:Attack_Patterns>
            </ttp:Behavior>
        </stix:TTP>
        <stix:TTP id="VMRayAnalyzer:ttp-61572582-f4ad-4a66-a6af-131369445151" timestamp="2020-04-15T11:08:59.564056+00:00" xsi:type='ttp:TTPType'>
            <ttp:Title>Execution</ttp:Title>
            <ttp:Description>VTI rule match with VTI rule score 4/5</ttp:Description>
            <ttp:Behavior>
                <ttp:Attack_Patterns>
                    <ttp:Attack_Pattern>
                        <ttp:Title>vmray_document_creates_process</ttp:Title>
                        <ttp:Description>Document unsuccessfully tries to create process "C:\Users\Public\Python37\python.exe".</ttp:Description>
                        <ttp:Short_Description>Document tries to create process</ttp:Short_Description>
                    </ttp:Attack_Pattern>
                </ttp:Attack_Patterns>
            </ttp:Behavior>
        </stix:TTP>
        <stix:TTP id="VMRayAnalyzer:ttp-e0768530-a598-4f45-bf00-e156dfba3a56" timestamp="2020-04-15T11:08:59.564282+00:00" xsi:type='ttp:TTPType'>
            <ttp:Title>Execution</ttp:Title>
            <ttp:Description>VTI rule match with VTI rule score 1/5</ttp:Description>
            <ttp:Behavior>
                <ttp:Attack_Patterns>
                    <ttp:Attack_Pattern>
                        <ttp:Title>vmray_has_vba_macro</ttp:Title>
                        <ttp:Description>Office document contains a VBA macro.</ttp:Description>
                        <ttp:Short_Description>Contains Office macro</ttp:Short_Description>
                    </ttp:Attack_Pattern>
                </ttp:Attack_Patterns>
            </ttp:Behavior>
        </stix:TTP>
        <stix:TTP id="VMRayAnalyzer:ttp-d75c65f2-480a-455c-9048-f3be28628cf0" timestamp="2020-04-15T11:08:59.564609+00:00" xsi:type='ttp:TTPType'>
            <ttp:Title>Antivirus</ttp:Title>
            <ttp:Description>VTI rule match with VTI rule score 5/5</ttp:Description>
            <ttp:Behavior>
                <ttp:Attack_Patterns>
                    <ttp:Attack_Pattern>
                        <ttp:Title>vmray_av_malicious_match</ttp:Title>
                        <ttp:Description>Local AV detected the sample itself as "VB.EmoooDldr.2.Gen".</ttp:Description>
                        <ttp:Short_Description>Malicious content was detected by heuristic scan</ttp:Short_Description>
                    </ttp:Attack_Pattern>
                </ttp:Attack_Patterns>
            </ttp:Behavior>
        </stix:TTP>
        <stix:TTP id="VMRayAnalyzer:ttp-c8ff362c-e958-47a0-8c08-c6b0ee197369" timestamp="2020-04-15T11:08:59.564813+00:00" xsi:type='ttp:TTPType'>
            <ttp:Title>Execution</ttp:Title>
            <ttp:Description>VTI rule match with VTI rule score 2/5</ttp:Description>
            <ttp:Behavior>
                <ttp:Attack_Patterns>
                    <ttp:Attack_Pattern>
                        <ttp:Title>vmray_execute_macro_automatically</ttp:Title>
                        <ttp:Description>Executes macro automatically on target "document" and event "open".</ttp:Description>
                        <ttp:Short_Description>Executes macro on specific event</ttp:Short_Description>
                    </ttp:Attack_Pattern>
                </ttp:Attack_Patterns>
            </ttp:Behavior>
        </stix:TTP>
        <stix:TTP id="VMRayAnalyzer:ttp-7d71bede-ed06-43f9-b369-b605f8376957" timestamp="2020-04-15T11:08:59.565024+00:00" xsi:type='ttp:TTPType'>
            <ttp:Title>Execution</ttp:Title>
            <ttp:Description>VTI rule match with VTI rule score 2/5</ttp:Description>
            <ttp:Behavior>
                <ttp:Attack_Patterns>
                    <ttp:Attack_Pattern>
                        <ttp:Title>vmray_create_suspicious_com_object</ttp:Title>
                        <ttp:Description>CreateObject("Shell.Application")</ttp:Description>
                        <ttp:Short_Description>Creates suspicious COM object</ttp:Short_Description>
                    </ttp:Attack_Pattern>
                </ttp:Attack_Patterns>
            </ttp:Behavior>
        </stix:TTP>
        <stix:TTP id="VMRayAnalyzer:ttp-70b2aa67-d3de-4580-8f4d-2a027121d622" timestamp="2020-04-15T11:08:59.565204+00:00" xsi:type='ttp:TTPType'>
            <ttp:Title>Static Analysis Remark</ttp:Title>
            <ttp:Description>VTI rule match with VTI rule score 1/5</ttp:Description>
            <ttp:Behavior>
                <ttp:Attack_Patterns>
                    <ttp:Attack_Pattern>
                        <ttp:Title>vmray_static_analysis_parser_error</ttp:Title>
                        <ttp:Description>Static engine was unable to completely parse the analyzed file: C:\Users\FD1HVy\Desktop\VPIyNbbmtoYiYfrB.doc.</ttp:Description>
                        <ttp:Short_Description>Unparsable sections in file</ttp:Short_Description>
                    </ttp:Attack_Pattern>
                </ttp:Attack_Patterns>
            </ttp:Behavior>
        </stix:TTP>
        <stix:TTP id="VMRayAnalyzer:ttp-8b629af4-8892-4fa3-b789-ba453d73a85e" timestamp="2020-04-15T11:08:59.565381+00:00" xsi:type='ttp:TTPType'>
            <ttp:Title>YARA</ttp:Title>
            <ttp:Description>VTI rule match with VTI rule score 1/5</ttp:Description>
            <ttp:Behavior>
                <ttp:Attack_Patterns>
                    <ttp:Attack_Pattern>
                        <ttp:Title>vmray_yara_match_low</ttp:Title>
                        <ttp:Description>Rule "VBA_Time_Delay_Loops" from ruleset "Generic" has matched on the sample itself.</ttp:Description>
                        <ttp:Short_Description>Content matched by YARA rules</ttp:Short_Description>
                    </ttp:Attack_Pattern>
                </ttp:Attack_Patterns>
            </ttp:Behavior>
        </stix:TTP>
        <stix:TTP id="VMRayAnalyzer:ttp-03f09b52-cb5b-4a94-a079-5a21e678ad13" timestamp="2020-04-15T11:08:59.565608+00:00" xsi:type='ttp:TTPType'>
            <ttp:Title>YARA</ttp:Title>
            <ttp:Description>VTI rule match with VTI rule score 3/5</ttp:Description>
            <ttp:Behavior>
                <ttp:Attack_Patterns>
                    <ttp:Attack_Pattern>
                        <ttp:Title>vmray_yara_match_mid</ttp:Title>
                        <ttp:Description>Rule "VBA_Execution_Commands" from ruleset "Generic" has matched on the sample itself.</ttp:Description>
                        <ttp:Short_Description>Suspicious content matched by YARA rules</ttp:Short_Description>
                    </ttp:Attack_Pattern>
                </ttp:Attack_Patterns>
            </ttp:Behavior>
        </stix:TTP>
    </stix:TTPs>
</stix:STIX_Package>
